,piste,hour,day,infos-course,infos-conditions,infos_meteo,meteo_icon,infos_partants,fer,infos_arrivee
0,VINCENNES, 13h07,1 Jan,"Trot Monté
60 000 €
2175 m
7 partants",Inconnu - Corde à gauche Détails des conditions,"10°C, vent 40 km/h",icon-meteo-P7,"1
Eclair Mace
H
4 Th. Dromigny
G. Contri 63 2175
18 070 8m6m5m7m0. 63
155",,"5Ème 1
Eclair Mace
Th. Dromigny 1'24""10 63
155"
1,VINCENNES, 13h07,1 Jan,"Trot Monté
60 000 €
2175 m
7 partants",Inconnu - Corde à gauche Détails des conditions,"10°C, vent 40 km/h",icon-meteo-P7,"2
Espion Jaune
H
4 A. Abrivard
Ch. Clin 63 2175
43 790 2m7a4m1m2. 8,3
10",,"DAI 2
Espion Jaune
A. Abrivard - 8,3
10"
2,VINCENNES, 13h07,1 Jan,"Trot Monté
60 000 €
2175 m
7 partants",Inconnu - Corde à gauche Détails des conditions,"10°C, vent 40 km/h",icon-meteo-P7,"3
Easy Turgot
H
4 V. Saussaye
S. Roger 55 2175
46 200 4a7mDa8m9. 21
54",,"4Ème 3
Easy Turgot
V. Saussaye 1'16""30 21
54"
3,VINCENNES, 13h07,1 Jan,"Trot Monté
60 000 €
2175 m
7 partants",Inconnu - Corde à gauche Détails des conditions,"10°C, vent 40 km/h",icon-meteo-P7,"4
Elino Bilou
H
4 M. Abrivard
Th. Duvaldestin 63 2175
57 610 1m2m1mDm1. 1,9
2",,"2Ème 4
Elino Bilou
M. Abrivard 1'14""00 1,9
2"
4,VINCENNES, 13h07,1 Jan,"Trot Monté
60 000 €
2175 m
7 partants",Inconnu - Corde à gauche Détails des conditions,"10°C, vent 40 km/h",icon-meteo-P7,"5
Excelsior
H
4 Y. Lebourgeois
J.p. Allix 63 2175
66 090 5m3m2m2m3. 3,7
2,6",,"1Er 5
Excelsior
Y. Lebourgeois 1'13""60 3,7
2,6"
5,VINCENNES, 13h07,1 Jan,"Trot Monté
60 000 €
2175 m
7 partants",Inconnu - Corde à gauche Détails des conditions,"10°C, vent 40 km/h",icon-meteo-P7,"6
El Diablo D'aut
M
4 E. Raffin
V. Raimbault 63 2175
67 610 Da1a6a4a3. 6,8
8,2",,"3Ème 6
El Diablo D'aut
E. Raffin 1'14""10 6,8
8,2"
6,VINCENNES, 13h07,1 Jan,"Trot Monté
60 000 €
2175 m
7 partants",Inconnu - Corde à gauche Détails des conditions,"10°C, vent 40 km/h",icon-meteo-P7,"7
Espoir Anvalou
M
4 A. Lamy
A. Dubois 63 2175
68 670 DaDmDa6aD. 17
22",,"DAI 7
Espoir Anvalou
A. Lamy - 17
22"
7,VINCENNES, 13h38,1 Jan,"Trot Attelé
50 000 €
2100 m
12 partants",Européenne - Autostart - Corde à gauche Détails des conditions,"10°C, vent 40 km/h",icon-meteo-P7,"1
This Is It
F
7 D. Thomain
B. Goop 163 301 2100 8aDa2mDa1. 6,4
4,6",,"1Er 1
This Is It
D. Thomain 1'13""00 6,4
4,6"
8,VINCENNES, 13h38,1 Jan,"Trot Attelé
50 000 €
2100 m
12 partants",Européenne - Autostart - Corde à gauche Détails des conditions,"10°C, vent 40 km/h",icon-meteo-P7,"2
Bodega Chenevie.
F
7 L. Gaborit
L. Gaborit 152 590 2100 7a3a0a7a0. 15
27",,"4Ème 2
Bodega Chenevie.
L. Gaborit 1'13""20 15
27"
9,VINCENNES, 13h38,1 Jan,"Trot Attelé
50 000 €
2100 m
12 partants",Européenne - Autostart - Corde à gauche Détails des conditions,"10°C, vent 40 km/h",icon-meteo-P7,"3
Basic (swe)
F
7 B. Goop
B. Goop 138 790 2100 Da1a4a2a1. 2,3
2",,"6Ème 3
Basic (swe)
B. Goop 1'13""50 2,3
2"
10,VINCENNES, 13h38,1 Jan,"Trot Attelé
50 000 €
2100 m
12 partants",Européenne - Autostart - Corde à gauche Détails des conditions,"10°C, vent 40 km/h",icon-meteo-P7,"4
Bambolina
F
7 N. Roussel
Alain Roussel 152 620 2100 Dm2m2m6m7. 55
128",,"10Ème 4
Bambolina
N. Roussel 1'14""40 55
128"
11,VINCENNES, 13h38,1 Jan,"Trot Attelé
50 000 €
2100 m
12 partants",Européenne - Autostart - Corde à gauche Détails des conditions,"10°C, vent 40 km/h",icon-meteo-P7,"5
Bilfie De Guez
F
7 F. Darondel
J.m. Bazire 151 960 2100 0a2a1a1a0. 25
28",,"9Ème 5
Bilfie De Guez
F. Darondel 1'14""20 25
28"
12,VINCENNES, 13h38,1 Jan,"Trot Attelé
50 000 €
2100 m
12 partants",Européenne - Autostart - Corde à gauche Détails des conditions,"10°C, vent 40 km/h",icon-meteo-P7,"6
Bella Du Vivier
F
7 M. Verva
G. Verva 145 930 2100 4a6a8a3a0. 9
10",,"3Ème 6
Bella Du Vivier
M. Verva 1'13""20 9
10"
13,VINCENNES, 13h38,1 Jan,"Trot Attelé
50 000 €
2100 m
12 partants",Européenne - Autostart - Corde à gauche Détails des conditions,"10°C, vent 40 km/h",icon-meteo-P7,"7
Olympia Gold
F
7 J. Untersteiner
P. Linderoth 162 396 2100 0a7a6a3a1. 12
10",,"DAI 7
Olympia Gold
J. Untersteiner - 12
10"
14,VINCENNES, 13h38,1 Jan,"Trot Attelé
50 000 €
2100 m
12 partants",Européenne - Autostart - Corde à gauche Détails des conditions,"10°C, vent 40 km/h",icon-meteo-P7,"8
Brihana
F
7 M. Mottier
D. Delaroche 135 700 2100 3a8a4a0a6. 9,6
10",,"5Ème 8
Brihana
M. Mottier 1'13""30 9,6
10"
15,VINCENNES, 13h38,1 Jan,"Trot Attelé
50 000 €
2100 m
12 partants",Européenne - Autostart - Corde à gauche Détails des conditions,"10°C, vent 40 km/h",icon-meteo-P7,"9 Baline De La Fye
NON PARTANT",,"9 Baline De La Fye
NON PARTANT"
16,VINCENNES, 13h38,1 Jan,"Trot Attelé
50 000 €
2100 m
12 partants",Européenne - Autostart - Corde à gauche Détails des conditions,"10°C, vent 40 km/h",icon-meteo-P7,"10
Annabelle Diman.
F
7 F. Nivard
R. Bergh 115 223 2100 6a8a7a2a8. 12
18",,"8Ème 10
Annabelle Diman.
F. Nivard 1'14""00 12
18"
17,VINCENNES, 13h38,1 Jan,"Trot Attelé
50 000 €
2100 m
12 partants",Européenne - Autostart - Corde à gauche Détails des conditions,"10°C, vent 40 km/h",icon-meteo-P7,"11
Black Rain
F
7 A. Abrivard
L.cl. Abrivard 116 290 2100 Da3a0a7a4. 21
42",,"2Ème 11
Black Rain
A. Abrivard 1'13""10 21
42"
18,VINCENNES, 13h38,1 Jan,"Trot Attelé
50 000 €
2100 m
12 partants",Européenne - Autostart - Corde à gauche Détails des conditions,"10°C, vent 40 km/h",icon-meteo-P7,"12
Evasion Boko
F
7 F. Ouvrie
A. Kristoffersson 88 986 2100 6a4a0a3m5. 29
53",,"7Ème 12
Evasion Boko
F. Ouvrie 1'13""70 29
53"
19,VINCENNES, 14h07,1 Jan,"Trot Attelé
90 000 €
2100 m
12 partants",Européenne - Autostart - Corde à gauche Détails des conditions,"10°C, vent 40 km/h",icon-meteo-P7,"1
Zoko Lane
H
6 J. Untersteiner
Fredrik Wallin 95 355 2100 1a1a2a8a1. 20
11",,"DAI 1
Zoko Lane
J. Untersteiner - 20
11"
20,VINCENNES, 14h07,1 Jan,"Trot Attelé
90 000 €
2100 m
12 partants",Européenne - Autostart - Corde à gauche Détails des conditions,"10°C, vent 40 km/h",icon-meteo-P7,"2
Toohotforyou
F
6 F. Wallin
Fredrik Wallin 111 964 2100 Dm3aDa9a3. 87
143",,"7Ème 2
Toohotforyou
F. Wallin 1'13""70 87
143"
21,VINCENNES, 14h07,1 Jan,"Trot Attelé
90 000 €
2100 m
12 partants",Européenne - Autostart - Corde à gauche Détails des conditions,"10°C, vent 40 km/h",icon-meteo-P7,"3
Capraio
H
6 F. Ouvrie
F. Ouvrie 85 885 2100 Da4a4a2a2. 8,8
10",,"2Ème 3
Capraio
F. Ouvrie 1'12""40 8,8
10"
22,VINCENNES, 14h07,1 Jan,"Trot Attelé
90 000 €
2100 m
12 partants",Européenne - Autostart - Corde à gauche Détails des conditions,"10°C, vent 40 km/h",icon-meteo-P7,"4
Derby De Souvig.
H
5 M. Lenoir
M. Lenoir 187 990 2100 5a6a5a1a5. 13
21",,"6Ème 4
Derby De Souvig.
M. Lenoir 1'13""10 13
21"
23,VINCENNES, 14h07,1 Jan,"Trot Attelé
90 000 €
2100 m
12 partants",Européenne - Autostart - Corde à gauche Détails des conditions,"10°C, vent 40 km/h",icon-meteo-P7,"5
Direct Way
H
5 E. Raffin
Ph. Allaire 210 800 2100 2aDa1a2a2. 4,3
4,2",,"1Er 5
Direct Way
E. Raffin 1'12""40 4,3
4,2"
24,VINCENNES, 14h07,1 Jan,"Trot Attelé
90 000 €
2100 m
12 partants",Européenne - Autostart - Corde à gauche Détails des conditions,"10°C, vent 40 km/h",icon-meteo-P7,"6
Charmeuse Royale
F
6 M. Abrivard
M. Abrivard 231 280 2100 1a1a0a4a1. 4,4
4,4",,"Di 6
Charmeuse Royale
M. Abrivard 1'12""40 4,4
4,4"
25,VINCENNES, 14h07,1 Jan,"Trot Attelé
90 000 €
2100 m
12 partants",Européenne - Autostart - Corde à gauche Détails des conditions,"10°C, vent 40 km/h",icon-meteo-P7,"7
Zahara Goj
F
5 J.m. Bazire
Ph. Billard 204 032 2100 0a4a4a8a6. 24
28",,"3Ème 7
Zahara Goj
J.m. Bazire 1'12""60 24
28"
26,VINCENNES, 14h07,1 Jan,"Trot Attelé
90 000 €
2100 m
12 partants",Européenne - Autostart - Corde à gauche Détails des conditions,"10°C, vent 40 km/h",icon-meteo-P7,"8
Cash Maker
H
6 S. Ernault
S. Ernault 241 200 2100 1a1a4a0a0. 3,9
3,4",,"DAI 8
Cash Maker
S. Ernault - 3,9
3,4"
27,VINCENNES, 14h07,1 Jan,"Trot Attelé
90 000 €
2100 m
12 partants",Européenne - Autostart - Corde à gauche Détails des conditions,"10°C, vent 40 km/h",icon-meteo-P7,"9
Axel (den)
H
6 F. Nivard
F. Nivard 230 171 2100 0aDmDa1mD. 41
29",,"5Ème 9
Axel (den)
F. Nivard 1'12""80 41
29"
28,VINCENNES, 14h07,1 Jan,"Trot Attelé
90 000 €
2100 m
12 partants",Européenne - Autostart - Corde à gauche Détails des conditions,"10°C, vent 40 km/h",icon-meteo-P7,"10
Ubimajor Bi
M
5 D. Locqueneux
H.e. Bondo 66 842 2100 6a5a5a2a7. 54
76",,"4Ème 10
Ubimajor Bi
D. Locqueneux 1'12""80 54
76"
29,VINCENNES, 14h07,1 Jan,"Trot Attelé
90 000 €
2100 m
12 partants",Européenne - Autostart - Corde à gauche Détails des conditions,"10°C, vent 40 km/h",icon-meteo-P7,"11
Caresse (swe)
F
6 D. Thomain
B. Goop 68 823 2100 5a6a1a3a(. 18
37",,"DAI 11
Caresse (swe)
D. Thomain - 18
37"
30,VINCENNES, 14h07,1 Jan,"Trot Attelé
90 000 €
2100 m
12 partants",Européenne - Autostart - Corde à gauche Détails des conditions,"10°C, vent 40 km/h",icon-meteo-P7,"12
Tellmeastory
H
6 B. Goop
B. Goop 73 554 2100 0a1a2a1a5. 14
16",,"8Ème 12
Tellmeastory
B. Goop 1'13""90 14
16"
31,VINCENNES, 14h38,1 Jan,"Trot Attelé
35 000 €
2100 m
16 partants",Autostart - Corde à gauche Détails des conditions,"10°C, vent 40 km/h",icon-meteo-P7,"1
Elitesnabe
F
4 N. Roussel
N. Roussel 21 840 2100 9aDaDa4a2. 48
92",,"6Ème 1
Elitesnabe
N. Roussel 1'14""10 48
92"
32,VINCENNES, 14h38,1 Jan,"Trot Attelé
35 000 €
2100 m
16 partants",Autostart - Corde à gauche Détails des conditions,"10°C, vent 40 km/h",icon-meteo-P7,"2
Even Street
F
4 Loic Groussard
Loic Groussard 20 960 2100 6a0a2a5a2. 31
39",,"DAI 2
Even Street
Loic Groussard - 31
39"
33,VINCENNES, 14h38,1 Jan,"Trot Attelé
35 000 €
2100 m
16 partants",Autostart - Corde à gauche Détails des conditions,"10°C, vent 40 km/h",icon-meteo-P7,"3
Erele Du Mesnil.
F
4 A. Abrivard
V. Revel 20 990 2100 6a0a3a5a2. 6,6
6,9",,"DAI 3
Erele Du Mesnil.
A. Abrivard - 6,6
6,9"
34,VINCENNES, 14h38,1 Jan,"Trot Attelé
35 000 €
2100 m
16 partants",Autostart - Corde à gauche Détails des conditions,"10°C, vent 40 km/h",icon-meteo-P7,"4
Estrella Jyl
F
4 J.b. Lemoine
J.b. Lemoine 22 410 2100 7a1a1aAa1a 7,6
12",,"1Er 4
Estrella Jyl
J.b. Lemoine 1'13""20 7,6
12"
35,VINCENNES, 14h38,1 Jan,"Trot Attelé
35 000 €
2100 m
16 partants",Autostart - Corde à gauche Détails des conditions,"10°C, vent 40 km/h",icon-meteo-P7,"5
Eva Des Charmes
A
F
4 F. Nivard
F. Leblanc 21 340 2100 1a1a3a 2,8
2",A,"2Ème 5
Eva Des Charmes
A
F. Nivard 1'13""80 2,8
2"
36,VINCENNES, 14h38,1 Jan,"Trot Attelé
35 000 €
2100 m
16 partants",Autostart - Corde à gauche Détails des conditions,"10°C, vent 40 km/h",icon-meteo-P7,"6
Eureka D'eronvi.
F
4 G. Gelormini
St. Meunier 20 930 2100 1a7aDaDaD. 26
44",,"11Ème 6
Eureka D'eronvi.
G. Gelormini 1'16""60 26
44"
37,VINCENNES, 14h38,1 Jan,"Trot Attelé
35 000 €
2100 m
16 partants",Autostart - Corde à gauche Détails des conditions,"10°C, vent 40 km/h",icon-meteo-P7,"7
Eloise Des Char.
A
F
4 E. Raffin
A. Buisson 21 350 2100 3a3a4a1a7. 15
15",A,"5Ème 7
Eloise Des Char.
A
E. Raffin 1'14""00 15
15"
38,VINCENNES, 14h38,1 Jan,"Trot Attelé
35 000 €
2100 m
16 partants",Autostart - Corde à gauche Détails des conditions,"10°C, vent 40 km/h",icon-meteo-P7,"8
Elsa Rush
F
4 G. Donio
G. Donio 23 090 2100 1a2a6aAa1. 14
16",,"7Ème 8
Elsa Rush
G. Donio 1'14""20 14
16"
39,VINCENNES, 14h38,1 Jan,"Trot Attelé
35 000 €
2100 m
16 partants",Autostart - Corde à gauche Détails des conditions,"10°C, vent 40 km/h",icon-meteo-P7,"9 Elsa Des Charentes
NON PARTANT",,"9 Elsa Des Charentes
NON PARTANT"
40,VINCENNES, 14h38,1 Jan,"Trot Attelé
35 000 €
2100 m
16 partants",Autostart - Corde à gauche Détails des conditions,"10°C, vent 40 km/h",icon-meteo-P7,"10
Etincelle Sun
F
4 D. Bonne
D. Bonne 18 780 2100 7aDmDa8aD. 24
34",,"4Ème 10
Etincelle Sun
D. Bonne 1'13""90 24
34"
41,VINCENNES, 14h38,1 Jan,"Trot Attelé
35 000 €
2100 m
16 partants",Autostart - Corde à gauche Détails des conditions,"10°C, vent 40 km/h",icon-meteo-P7,"11
Easy De Beaulieu
B
F
4 B. Rouer
Ph. Rouer 20 450 2100 4a3aDa1aD. 25
57",B,"3Ème 11
Easy De Beaulieu
B
B. Rouer 1'13""80 25
57"
42,VINCENNES, 14h38,1 Jan,"Trot Attelé
35 000 €
2100 m
16 partants",Autostart - Corde à gauche Détails des conditions,"10°C, vent 40 km/h",icon-meteo-P7,"12
Etincelle Mystic
F
4 D. Thomain
B. Barassin 17 640 2100 2a5a7a0a0. 40
38",,"9Ème 12
Etincelle Mystic
D. Thomain 1'14""70 40
38"
43,VINCENNES, 14h38,1 Jan,"Trot Attelé
35 000 €
2100 m
16 partants",Autostart - Corde à gauche Détails des conditions,"10°C, vent 40 km/h",icon-meteo-P7,"13
Eva D'arcy
B
F
4 M. Mottier
Ph. Rouer 11 030 2100 Da6a2a8m4. 26
81",B,"DAI 13
Eva D'arcy
B
M. Mottier - 26
81"
44,VINCENNES, 14h38,1 Jan,"Trot Attelé
35 000 €
2100 m
16 partants",Autostart - Corde à gauche Détails des conditions,"10°C, vent 40 km/h",icon-meteo-P7,"14
Epona De L'aunay
F
4 M. Abrivard
V. Raimbault 16 930 2100 2a7a2a1a4. 24
27",,"8Ème 14
Epona De L'aunay
M. Abrivard 1'14""40 24
27"
45,VINCENNES, 14h38,1 Jan,"Trot Attelé
35 000 €
2100 m
16 partants",Autostart - Corde à gauche Détails des conditions,"10°C, vent 40 km/h",icon-meteo-P7,"15
Enchilada Face
F
4 J. Niskanen
J. Niskanen 17 920 2100 3a3a1a2a 11
7,8",,"10Ème 15
Enchilada Face
J. Niskanen 1'15""00 11
7,8"
46,VINCENNES, 14h38,1 Jan,"Trot Attelé
35 000 €
2100 m
16 partants",Autostart - Corde à gauche Détails des conditions,"10°C, vent 40 km/h",icon-meteo-P7,"16
Enigme
F
4 B. Goop
Alain Roussel 10 240 2100 Da4a6a7aD. 39
80",,"12Ème 16
Enigme
B. Goop 1'16""80 39
80"
47,VINCENNES, 15h17,1 Jan,"Trot Attelé
70 000 €
2850 m
17 partants",Inconnu - Corde à gauche Détails des conditions,"10°C, vent 40 km/h",icon-meteo-P7,"1
Bacchus
H
7 B. Goop
B. Goop 54 644 2850 Da2a7aDa5. 41
58",,"12Ème 1
Bacchus
B. Goop 1'15""90 41
58
Vite sur un troisième rang, en dedans, a pris le wagon de deux en montant et n'a pu accélérer efficacement lorsque les choses sérieuses ont commencé."
48,VINCENNES, 15h17,1 Jan,"Trot Attelé
70 000 €
2850 m
17 partants",Inconnu - Corde à gauche Détails des conditions,"10°C, vent 40 km/h",icon-meteo-P7,"2
Basic Instinct
H
7 G. Lannoo
A. Lannoo 88 415 2850 3a1a2a1aD. 20
22",,"6Ème 2
Basic Instinct
G. Lannoo 1'15""40 20
22
Rapproché aux tribunes, le nez au vent, a trouvé un dos en descendant et, décalé à la sortie du tournant final, a terminé correctement, mais un peu moins vite que Bohème du Juillé."
49,VINCENNES, 15h17,1 Jan,"Trot Attelé
70 000 €
2850 m
17 partants",Inconnu - Corde à gauche Détails des conditions,"10°C, vent 40 km/h",icon-meteo-P7,"3
Bill Bonnetiere
H
7 S. Ernault
D. Bonne 100 620 2850 3a4a1a1a2. 15
19",,"DAI 3
Bill Bonnetiere
S. Ernault - 15
19
Constamment remarqué dans la seconde moitié du peloton, a été sanctionné à l'intersection des pistes ; figurait toujours en retrait, avec des ressources, mais pas dans la bonne cadence."
50,VINCENNES, 15h17,1 Jan,"Trot Attelé
70 000 €
2850 m
17 partants",Inconnu - Corde à gauche Détails des conditions,"10°C, vent 40 km/h",icon-meteo-P7,"4
Bon Grain Tivoli
H
7 D. Bonne
D. Bonne 105 700 2850 Da8a3aDa0. 9,7
8,8",,"4Ème 4
Bon Grain Tivoli
D. Bonne 1'15""30 9,7
8,8
Constamment bien placé, a formé le wagon de trois en montant puis, toujours le nez au vent à l'intersection des pistes, n'a pu que continuer courageusement jusqu'au bout."
51,VINCENNES, 15h17,1 Jan,"Trot Attelé
70 000 €
2850 m
17 partants",Inconnu - Corde à gauche Détails des conditions,"10°C, vent 40 km/h",icon-meteo-P7,"5
Belle Du Matin
F
7 E. Raffin
F. Furet 106 500 2850 3a3a5a1a8. 14
14",,"10Ème 5
Belle Du Matin
E. Raffin 1'15""70 14
14
Piégée le nez au vent, de la descente aux mille mètres, a pu souffler dans un dos en haut de la montée, mais a payé cette débauche d'énergie en fin de parcours."
52,VINCENNES, 15h17,1 Jan,"Trot Attelé
70 000 €
2850 m
17 partants",Inconnu - Corde à gauche Détails des conditions,"10°C, vent 40 km/h",icon-meteo-P7,"6
Bianca Thepol
F
7 J.l.cl. Dersoir
J.l.cl. Dersoir 106 680 2850 0a0aRa(16. 106
146",,"13Ème 6
Bianca Thepol
J.l.cl. Dersoir 1'16""10 106
146
Attentiste à proximité du groupe de tête, n'a pu accélérer efficacement depuis la mi-tournant final, terminant à son rythme, sans être menaçante."
53,VINCENNES, 15h17,1 Jan,"Trot Attelé
70 000 €
2850 m
17 partants",Inconnu - Corde à gauche Détails des conditions,"10°C, vent 40 km/h",icon-meteo-P7,"7
Bioness
A
H
7 B. Rouer
R. Derieux 115 170 2850 0a0a0a2a4. 103
158",A,"15Ème 7
Bioness
A
B. Rouer 1'18""20 103
158
Vite dans la seconde moitié du peloton, a été progressivement décramponné depuis l'intersection des pistes."
54,VINCENNES, 15h17,1 Jan,"Trot Attelé
70 000 €
2850 m
17 partants",Inconnu - Corde à gauche Détails des conditions,"10°C, vent 40 km/h",icon-meteo-P7,"8
Alpha D'urzy
A
H
8 R. Derieux
R. Derieux 118 250 2850 6aDm1a2a3. 55
74",A,"16Ème 8
Alpha D'urzy
A
R. Derieux 1'18""30 55
74
Vite à l'arrière-garde, a été décramponné depuis l'intersection des pistes."
55,VINCENNES, 15h17,1 Jan,"Trot Attelé
70 000 €
2850 m
17 partants",Inconnu - Corde à gauche Détails des conditions,"10°C, vent 40 km/h",icon-meteo-P7,"9
Bacchus D'ela
H
7 F. Ouvrie
F. Ouvrie 119 220 2850 Da0a8a0a1. 13
11",,"2Ème 9
Bacchus D'ela
F. Ouvrie 1'15""00 13
11
Parti correctement, en dehors, pour s'installer assez rapidement en tête, a mené bon train puis, dominé par Babylone Seven (17) dans le tournant final, a bien résisté à Bon Jenilou (12)."
56,VINCENNES, 15h17,1 Jan,"Trot Attelé
70 000 €
2850 m
17 partants",Inconnu - Corde à gauche Détails des conditions,"10°C, vent 40 km/h",icon-meteo-P7,"10
Bir Hakeim
H
7 G. Gelormini
Ch. Ecalard 119 610 2850 5a6a3a7m0. 41
49",,"14Ème 10
Bir Hakeim
G. Gelormini 1'16""80 41
49
Après avoir figuré sur un quatrième rang, à la corde, a perdu progressivement des rangs depuis l'intersection des pistes, finissant en retrait."
57,VINCENNES, 15h17,1 Jan,"Trot Attelé
70 000 €
2850 m
17 partants",Inconnu - Corde à gauche Détails des conditions,"10°C, vent 40 km/h",icon-meteo-P7,"11
Angel Dark
H
8 A.j. Mc Carthy
Anders Lindqvist 120 690 2850 Da9a0a5a0. 99
186",,"11Ème 11
Angel Dark
A.j. Mc Carthy 1'15""80 99
186
Attentiste dans la seconde moitié du peloton, en se montrant parfois brillant, n'a pu se mettre en évidence lorsqu'il a eu le jour dans la phase finale."
58,VINCENNES, 15h17,1 Jan,"Trot Attelé
70 000 €
2850 m
17 partants",Inconnu - Corde à gauche Détails des conditions,"10°C, vent 40 km/h",icon-meteo-P7,"12
Bon Jenilou
H
7 B. Piton
B. Piton 123 680 2850 1a3aDa1a3. 6,6
4,5",,"3Ème 12
Bon Jenilou
B. Piton 1'15""00 6,6
4,5
Le mieux parti, mais assez vite relayé par Bacchus d'Ela (9), a connu un passage à vide à sortie du tournant final, lorsque Babylone Seven (17) est passée à l'attaque, mais s'est très bien relancé."
59,VINCENNES, 15h17,1 Jan,"Trot Attelé
70 000 €
2850 m
17 partants",Inconnu - Corde à gauche Détails des conditions,"10°C, vent 40 km/h",icon-meteo-P7,"13
Boheme Du Juille
F
7 M. Abrivard
E. Beudard 124 180 2850 9aDaDa7a6. 25
32",,"5Ème 13
Boheme Du Juille
M. Abrivard 1'15""40 25
32
Attentiste dans la seconde moitié du peloton, a pris le wagon de trois depuis le haut de la montée et a bien terminé, en dehors, réglant Basic Instinct (2)."
60,VINCENNES, 15h17,1 Jan,"Trot Attelé
70 000 €
2850 m
17 partants",Inconnu - Corde à gauche Détails des conditions,"10°C, vent 40 km/h",icon-meteo-P7,"14
Bob De Pebrisy
H
7 A.a. Barassin
A.a. Barassin 124 300 2850 4a0aDa6a8. 19
15",,"7Ème 14
Bob De Pebrisy
A.a. Barassin 1'15""50 19
15
Vité dans la seconde moitié du peloton, n'a pu suivre Babylone Seven (17) à l'intersection des pistes, continuant à son rythme après avoir dû négocier le dernier tournant en dehors."
61,VINCENNES, 15h17,1 Jan,"Trot Attelé
70 000 €
2850 m
17 partants",Inconnu - Corde à gauche Détails des conditions,"10°C, vent 40 km/h",icon-meteo-P7,"15
Balzac De Souvi.
H
7 M. Lenoir
M. Lenoir 182 220 2875 0aDaDa3aD. 44
66",,"9Ème 15
Balzac De Souvi.
M. Lenoir 1'15""00 44
66
Vite parmi les derniers, a gagné quelques rangs pour finir, en dehors, sans être dangereux."
62,VINCENNES, 15h17,1 Jan,"Trot Attelé
70 000 €
2850 m
17 partants",Inconnu - Corde à gauche Détails des conditions,"10°C, vent 40 km/h",icon-meteo-P7,"16
As Blue
H
8 G. Donio
M. Donio 204 150 2875 7aDm5a2mD. 114
159",,"8Ème 16
As Blue
G. Donio 1'14""90 114
159
Après avoir longtemps figuré parmi les derniers, a gagné des rangs pour finir, terminant dans un assez bon style, en léger retrait."
63,VINCENNES, 15h17,1 Jan,"Trot Attelé
70 000 €
2850 m
17 partants",Inconnu - Corde à gauche Détails des conditions,"10°C, vent 40 km/h",icon-meteo-P7,"17
Babylone Seven
F
7 J.m. Bazire
J.m. Bazire 228 830 2875 1a2aDaRa(. 2,3
2,5",,"1Er 17
Babylone Seven
J.m. Bazire 1'14""20 2,3
2,5
Très bien partie à son échelon, puis attentiste à proximité des animatrices, a placé une banderille dans le tournant final, déposant Bacchus d'Ela (9), puis a gagné en roue libre..."
64,VINCENNES, 15h47,1 Jan,"Trot Monté
52 000 €
2850 m
12 partants",Apprentis - Lads Jockeys - Corde à gauche Détails des conditions,"10°C, vent 40 km/h",icon-meteo-P7,"1
Bombe De Caillo.
F
7 Mlle Clara Dersoir
Mme C. Hallais-de. 55 2850
107 790 6m6m9mDa0. 38
109",,"9Ème 1
Bombe De Caillo.
Mlle Clara Dersoir 1'16""40 38
109"
65,VINCENNES, 15h47,1 Jan,"Trot Monté
52 000 €
2850 m
12 partants",Apprentis - Lads Jockeys - Corde à gauche Détails des conditions,"10°C, vent 40 km/h",icon-meteo-P7,"2
Bali Du Pouet D.
F
7 Mlle Ch. Lefebvre
Mme G. Masschaele 57 2850
107 900 3m5m9a3m5. 31
48",,"10Ème 2
Bali Du Pouet D.
Mlle Ch. Lefebvre 1'16""70 31
48"
66,VINCENNES, 15h47,1 Jan,"Trot Monté
52 000 €
2850 m
12 partants",Apprentis - Lads Jockeys - Corde à gauche Détails des conditions,"10°C, vent 40 km/h",icon-meteo-P7,"3
Benjamine Gede
F
7 L. Jublot
A. Pillon 55 2850
139 780 3m7mDm0a0. 20
24",,"3Ème 3
Benjamine Gede
L. Jublot 1'15""80 20
24"
67,VINCENNES, 15h47,1 Jan,"Trot Monté
52 000 €
2850 m
12 partants",Apprentis - Lads Jockeys - Corde à gauche Détails des conditions,"10°C, vent 40 km/h",icon-meteo-P7,"4
Belle Katie
F
7 J.y. Ricart
J.m. Bazire 57 2850
146 490 2mDmDa0a8. 4,5
4,3",,"6Ème 4
Belle Katie
J.y. Ricart 1'16""00 4,5
4,3"
68,VINCENNES, 15h47,1 Jan,"Trot Monté
52 000 €
2850 m
12 partants",Apprentis - Lads Jockeys - Corde à gauche Détails des conditions,"10°C, vent 40 km/h",icon-meteo-P7,"5
Barack
H
7 Mlle O. Briand
L.cl. Abrivard 55 2850
151 260 4m3mDm5m3. 14
12",,"7Ème 5
Barack
Mlle O. Briand 1'16""10 14
12"
69,VINCENNES, 15h47,1 Jan,"Trot Monté
52 000 €
2850 m
12 partants",Apprentis - Lads Jockeys - Corde à gauche Détails des conditions,"10°C, vent 40 km/h",icon-meteo-P7,"6
Bolero Du Levant
H
7 A. Rebeche
D. Bethouart 55 2850
155 730 1m2m3m2a6. 2,8
3",,"1Er 6
Bolero Du Levant
A. Rebeche 1'15""50 2,8
3"
70,VINCENNES, 15h47,1 Jan,"Trot Monté
52 000 €
2850 m
12 partants",Apprentis - Lads Jockeys - Corde à gauche Détails des conditions,"10°C, vent 40 km/h",icon-meteo-P7,"7
Beltis D'occagn.
F
7 R. Marty
A. Ripoll Rigo 55 2850
157 500 4m1m0m8a8. 15
8,8",,"5Ème 7
Beltis D'occagn.
R. Marty 1'15""90 15
8,8"
71,VINCENNES, 15h47,1 Jan,"Trot Monté
52 000 €
2850 m
12 partants",Apprentis - Lads Jockeys - Corde à gauche Détails des conditions,"10°C, vent 40 km/h",icon-meteo-P7,"8
Bad Boy Terrie
H
7 A. Angot
B. Angot 57 2850
160 880 Dm7m4m2m6. 28
52",,"11Ème 8
Bad Boy Terrie
A. Angot 1'17""50 28
52"
72,VINCENNES, 15h47,1 Jan,"Trot Monté
52 000 €
2850 m
12 partants",Apprentis - Lads Jockeys - Corde à gauche Détails des conditions,"10°C, vent 40 km/h",icon-meteo-P7,"9
Baron Du Bourg
H
7 J. Balu
J.g. Van Eeckhaute 57 2850
161 330 1m5m0m4m0. 15
16",,"2Ème 9
Baron Du Bourg
J. Balu 1'15""80 15
16"
73,VINCENNES, 15h47,1 Jan,"Trot Monté
52 000 €
2850 m
12 partants",Apprentis - Lads Jockeys - Corde à gauche Détails des conditions,"10°C, vent 40 km/h",icon-meteo-P7,"10
Banco De L'iton
H
7 M. Pean
Hughes Levesque 57 2850
162 590 7m6m6m6m2. 43
64",,"12Ème 10
Banco De L'iton
M. Pean 1'17""70 43
64"
74,VINCENNES, 15h47,1 Jan,"Trot Monté
52 000 €
2850 m
12 partants",Apprentis - Lads Jockeys - Corde à gauche Détails des conditions,"10°C, vent 40 km/h",icon-meteo-P7,"11
Ball Trap
H
7 Mlle M. Asseline
J.w. Hallais 55 2850
164 540 4m2m0a6m9. 9,2
9",,"4Ème 11
Ball Trap
Mlle M. Asseline 1'15""90 9,2
9"
75,VINCENNES, 15h47,1 Jan,"Trot Monté
52 000 €
2850 m
12 partants",Apprentis - Lads Jockeys - Corde à gauche Détails des conditions,"10°C, vent 40 km/h",icon-meteo-P7,"12
Bambino Du Pre
H
7 V. Saussaye
G. Thorel 55 2850
168 960 5mDa4m0a0. 8,3
7,5",,"8Ème 12
Bambino Du Pre
V. Saussaye 1'16""10 8,3
7,5"
76,VINCENNES, 16h19,1 Jan,"Trot Attelé
40 000 €
2700 m
18 partants",Inconnu - Corde à gauche Détails des conditions,"10°C, vent 40 km/h",icon-meteo-P7,"1
Calino Sautreuil
H
6 A. Duperche
A. Duperche 46 370 2700 8a8aDa6a7. 101
122",,"DAI 1
Calino Sautreuil
A. Duperche - 101
122"
77,VINCENNES, 16h19,1 Jan,"Trot Attelé
40 000 €
2700 m
18 partants",Inconnu - Corde à gauche Détails des conditions,"10°C, vent 40 km/h",icon-meteo-P7,"2
Cadry
H
6 S. Ernault
E. Varin 49 220 2700 DaDaDa0aD. 56
93",,"DAI 2
Cadry
S. Ernault - 56
93"
78,VINCENNES, 16h19,1 Jan,"Trot Attelé
40 000 €
2700 m
18 partants",Inconnu - Corde à gauche Détails des conditions,"10°C, vent 40 km/h",icon-meteo-P7,"3
Clovis Des Vaud.
H
6 M. Verva
Ch. Mirandel 50 280 2700 7a4aDm4a5. 93
206",,"12Ème 3
Clovis Des Vaud.
M. Verva 1'15""70 93
206"
79,VINCENNES, 16h19,1 Jan,"Trot Attelé
40 000 €
2700 m
18 partants",Inconnu - Corde à gauche Détails des conditions,"10°C, vent 40 km/h",icon-meteo-P7,"4
Cekoi
H
6 F. Nivard
F. Lamare 52 400 2700 8aDa1a1a1. 18
14",,"2Ème 4
Cekoi
F. Nivard 1'14""50 18
14"
80,VINCENNES, 16h19,1 Jan,"Trot Attelé
40 000 €
2700 m
18 partants",Inconnu - Corde à gauche Détails des conditions,"10°C, vent 40 km/h",icon-meteo-P7,"5
Coup Franc
H
6 J.cl. Hallais
J.w. Hallais 57 430 2700 1a1a4a1a1. 6,7
7,7",,"DAI 5
Coup Franc
J.cl. Hallais - 6,7
7,7"
81,VINCENNES, 16h19,1 Jan,"Trot Attelé
40 000 €
2700 m
18 partants",Inconnu - Corde à gauche Détails des conditions,"10°C, vent 40 km/h",icon-meteo-P7,"6
Carthago D'ela
M
6 Ch.j. Bigeon
Ch. Bigeon 63 900 2700 1a1a5aRa(. 4,9
2,6",,"1Er 6
Carthago D'ela
Ch.j. Bigeon 1'14""20 4,9
2,6"
82,VINCENNES, 16h19,1 Jan,"Trot Attelé
40 000 €
2700 m
18 partants",Inconnu - Corde à gauche Détails des conditions,"10°C, vent 40 km/h",icon-meteo-P7,"7
Crazy Criscani
H
6 M. Abrivard
G. Curens 66 170 2700 3aDa7aDa0. 27
40",,"5Ème 7
Crazy Criscani
M. Abrivard 1'14""80 27
40"
83,VINCENNES, 16h19,1 Jan,"Trot Attelé
40 000 €
2700 m
18 partants",Inconnu - Corde à gauche Détails des conditions,"10°C, vent 40 km/h",icon-meteo-P7,"8
Clyde Des Yolais
H
6 K. Champenois
K. Champenois 70 970 2700 1a0a2a9a2. 30
60",,"9Ème 8
Clyde Des Yolais
K. Champenois 1'15""20 30
60"
84,VINCENNES, 16h19,1 Jan,"Trot Attelé
40 000 €
2700 m
18 partants",Inconnu - Corde à gauche Détails des conditions,"10°C, vent 40 km/h",icon-meteo-P7,"9
Centaure Gede
H
6 A. Pillon
A. Pillon 73 850 2700 0a9a(16)0. 138
278",,"13Ème 9
Centaure Gede
A. Pillon 1'15""80 138
278"
85,VINCENNES, 16h19,1 Jan,"Trot Attelé
40 000 €
2700 m
18 partants",Inconnu - Corde à gauche Détails des conditions,"10°C, vent 40 km/h",icon-meteo-P7,"10
Caballo D'aure
H
6 G. Maillard
G. Maillard 74 090 2700 0a0a0a2a6. 140
214",,"11Ème 10
Caballo D'aure
G. Maillard 1'15""70 140
214"
86,VINCENNES, 16h19,1 Jan,"Trot Attelé
40 000 €
2700 m
18 partants",Inconnu - Corde à gauche Détails des conditions,"10°C, vent 40 km/h",icon-meteo-P7,"11
Cocaan De Guegue
H
6 D. Thomain
St. Meunier 74 160 2700 6a3a8a6a5. 12
11",,"10Ème 11
Cocaan De Guegue
D. Thomain 1'15""50 12
11"
87,VINCENNES, 16h19,1 Jan,"Trot Attelé
40 000 €
2700 m
18 partants",Inconnu - Corde à gauche Détails des conditions,"10°C, vent 40 km/h",icon-meteo-P7,"12
Cuba Libre
H
6 J.ch. Piton
A. Ripoll Rigo 75 320 2700 1a2a6a4a5. 43
33",,"8Ème 12
Cuba Libre
J.ch. Piton 1'15""10 43
33"
88,VINCENNES, 16h19,1 Jan,"Trot Attelé
40 000 €
2700 m
18 partants",Inconnu - Corde à gauche Détails des conditions,"10°C, vent 40 km/h",icon-meteo-P7,"13
C'est Rien Bien
H
6 G. Gelormini
F. Lamare 75 550 2700 3a3a2a6a1. 15
23",,"6Ème 13
C'est Rien Bien
G. Gelormini 1'14""90 15
23"
89,VINCENNES, 16h19,1 Jan,"Trot Attelé
40 000 €
2700 m
18 partants",Inconnu - Corde à gauche Détails des conditions,"10°C, vent 40 km/h",icon-meteo-P7,"14
Calva Normand
H
6 E. Raffin
R. Bernier 77 710 2700 2a5a8a0aD. 15
23",,"7Ème 14
Calva Normand
E. Raffin 1'15""00 15
23"
90,VINCENNES, 16h19,1 Jan,"Trot Attelé
40 000 €
2700 m
18 partants",Inconnu - Corde à gauche Détails des conditions,"10°C, vent 40 km/h",icon-meteo-P7,"15
Caid De Caponet
H
6 S. Baude
S. Baude 77 910 2700 1a4a8a0aD. 24
30",,"3Ème 15
Caid De Caponet
S. Baude 1'14""60 24
30"
91,VINCENNES, 16h19,1 Jan,"Trot Attelé
40 000 €
2700 m
18 partants",Inconnu - Corde à gauche Détails des conditions,"10°C, vent 40 km/h",icon-meteo-P7,"16
Cliffhanger
H
6 B. Goop
G. Contri 79 150 2700 1a9aDa0aD. 14
24",,"4Ème 16
Cliffhanger
B. Goop 1'14""70 14
24"
92,VINCENNES, 16h19,1 Jan,"Trot Attelé
40 000 €
2700 m
18 partants",Inconnu - Corde à gauche Détails des conditions,"10°C, vent 40 km/h",icon-meteo-P7,"17
Caid Dore
H
6 J.m. Bazire
E.g. Blot 80 930 2700 Da0aDa0a0. 7,3
11",,"DAI 17
Caid Dore
J.m. Bazire - 7,3
11"
93,VINCENNES, 16h19,1 Jan,"Trot Attelé
40 000 €
2700 m
18 partants",Inconnu - Corde à gauche Détails des conditions,"10°C, vent 40 km/h",icon-meteo-P7,"18
Concerto Cointe.
H
6 Th. Dromigny
N. Dromigny 80 990 2700 4a1aDa1aD. 6,3
6,5",,"DAI 18
Concerto Cointe.
Th. Dromigny - 6,3
6,5"
94,VINCENNES, 16h52,1 Jan,"Trot Monté
34 000 €
2850 m
13 partants",Inconnu - Corde à gauche Détails des conditions,"10°C, vent 40 km/h",icon-meteo-P7,"1
Democrat Renka
H
5 Mlle Ch. Lefebvre
E. Varin 57 2850
13 100 5a4a8aDaD. 43
93",0.0,0.0
95,VINCENNES, 16h52,1 Jan,"Trot Monté
34 000 €
2850 m
13 partants",Inconnu - Corde à gauche Détails des conditions,"10°C, vent 40 km/h",icon-meteo-P7,"2
Darius Du Loche.
H
5 Julien Raffestin
D. Brohier 67 2850
13 560 Am8m8a5a5. 11
30",0.0,0.0
96,VINCENNES, 16h52,1 Jan,"Trot Monté
34 000 €
2850 m
13 partants",Inconnu - Corde à gauche Détails des conditions,"10°C, vent 40 km/h",icon-meteo-P7,"3
Diamant De Malac
M
5 Th. Viet
J.f. Senet 67 2850
16 870 Da6aDaDa7. 30
102",0.0,0.0
97,VINCENNES, 16h52,1 Jan,"Trot Monté
34 000 €
2850 m
13 partants",Inconnu - Corde à gauche Détails des conditions,"10°C, vent 40 km/h",icon-meteo-P7,"4
Django Du Jaguy
H
5 Th. Dromigny
M. Dupuis 67 2850
19 740 7mDm9mDaD. 69
162",0.0,0.0
98,VINCENNES, 16h52,1 Jan,"Trot Monté
34 000 €
2850 m
13 partants",Inconnu - Corde à gauche Détails des conditions,"10°C, vent 40 km/h",icon-meteo-P7,"5
Divin
H
5 M. Mottier
D. Mottier 67 2850
24 910 5mDa1a8a6. 5,7
5,5",0.0,0.0
99,VINCENNES, 16h52,1 Jan,"Trot Monté
34 000 €
2850 m
13 partants",Inconnu - Corde à gauche Détails des conditions,"10°C, vent 40 km/h",icon-meteo-P7,"6
Dynamique Style
M
5 F. Desmigneux
Anders Lindqvist 67 2850
29 730 7m4mDa0a3. 37
49",0.0,0.0
