,id,lieu,heure,jour,prix,distance,nombre de partants,corde,température,vent,numero de départ,nom cheval,sexe cheval,age cheval,fer,driver,entraineur,gain,musique monté,musique attelé,cote ouverture,cote fermeture,place,temps : en secondes
0,0,VINCENNES, 13h15,1 Jan,36000,2700,9,gauche,8,11,1,Braqueur De Bray,H,5,False,AurelienDesmarres,S.Desmarres,18700,"['D', 'D']","[3, 'D']",20,26,False,False
1,1,VINCENNES, 13h15,1 Jan,36000,2700,9,gauche,8,11,2,Black Hole Sun,H,5,deferre_anterieurs,Y.Jublot,F.Leblanc,31780,"[5, 'D', 4, 'D']",[],6,6.2,False,False
2,2,VINCENNES, 13h15,1 Jan,36000,2700,9,gauche,8,11,3,Blueberry De Co.,H,5,False,A.ph.Grimault,A.Hubert,32270,"[1, 6]","['D', 0]",8.5,8,6,79.0
3,3,VINCENNES, 13h15,1 Jan,36000,2700,9,gauche,8,11,4,Bolide Jiel,M,5,deferre_posterieurs,B.Rochard,J.l.Dersoir,36840,"[5, 4, 2, 0]",[],6.2,7.4,False,77.5
4,4,VINCENNES, 13h15,1 Jan,36000,2700,9,gauche,8,11,5,Bonchamp Gede,H,5,False,F.Prioul,M.Sassier,37000,"[0, 7]","[6, 'D']",29,19,5,78.0
5,5,VINCENNES, 13h15,1 Jan,36000,2700,9,gauche,8,11,6,Bistrot,H,5,False,False,Th.Devouassoux,37070,[],"[0, 8, 4, 3]",11,29,3,77.33333333333333
6,6,VINCENNES, 13h15,1 Jan,36000,2700,9,gauche,8,11,7,Bilbao Boy,M,5,deferre_anterieurs_posterieurs,L.Jublot,Y.Dreux,38140,"['D', 5, 7]",[0],5.5,4.6,False,False
7,7,VINCENNES, 13h15,1 Jan,36000,2700,9,gauche,8,11,8,Balou Du Paou,H,5,deferre_anterieurs,M.Kondritz,Y.j.LeBezvoet,39170,"['D', 4]","['D', 3]",5.5,4.3,2,77.16666666666667
8,8,VINCENNES, 13h15,1 Jan,36000,2700,9,gauche,8,11,9,Blason Du Bosqu.,H,5,deferre_posterieurs,Th.Dromigny,G.Delacour,39570,[],"[8, 8, 'D', 0]",4.6,4.9,4,77.66666666666667
9,26,VINCENNES, 14h20,1 Jan,40000,2700,11,gauche,8,11,1,Avril Peccau,M,6,deferre_posterieurs,Ph.Masschaele,J.f.Johner,28316,[],"[0, 2, 'D', 2]",33,68,False,False
10,27,VINCENNES, 14h20,1 Jan,40000,2700,11,gauche,8,11,2,Adour,H,6,False,M.Abrivard,B.Desmontils,31150,"[1, 1]","['D', 6]",11,6.4,False,False
11,28,VINCENNES, 14h20,1 Jan,40000,2700,11,gauche,8,11,3,Aladin De Meslay,H,6,False,Mme.H.Huygens,D.Moes,35930,"['D', 2]","[0, 0]",119,147,False,False
12,29,VINCENNES, 14h20,1 Jan,40000,2700,11,gauche,8,11,4,Amigo Land,H,6,False,A.Barrier,G.Moinon,68270,"[1, 'D', 1, 8]",[],11,16,4,76.0
13,30,VINCENNES, 14h20,1 Jan,40000,2700,11,gauche,8,11,5,Adorable Fouteau,A,False,deferre_anterieurs_posterieurs,False,6A.Abrivard,False,[],[],False,7.5,False,75.83333333333333
14,31,VINCENNES, 14h20,1 Jan,40000,2700,11,gauche,8,11,6,Artist Kelau,H,6,deferre_anterieurs_posterieurs,Th.Dromigny,M.Bouchez,71860,"[1, 2, 1, 1]",[],2.9,2.5,2,75.83333333333333
15,32,VINCENNES, 14h20,1 Jan,40000,2700,11,gauche,8,11,7,Amardo,H,6,False,M.Mottier,D.Brohier,75030,"[6, 'D', 3]",[0],23,51,False,False
16,33,VINCENNES, 14h20,1 Jan,40000,2700,11,gauche,8,11,8,Aragus De Guez,H,6,deferre_anterieurs_posterieurs,E.Raffin,LaurentSimon,76800,"[4, 'D']","[4, 0]",26,10,6,77.83333333333333
17,34,VINCENNES, 14h20,1 Jan,40000,2700,11,gauche,8,11,9,Altonico,H,6,deferre_posterieurs,JulienRaffestin,JulienRaffestin,80860,"[3, 2, 5, 1]",[],7.1,7.6,3,76.33333333333333
18,35,VINCENNES, 14h20,1 Jan,40000,2700,11,gauche,8,11,10,Alpha Jet Du Ca.,M,6,deferre_posterieurs,Mlle.C.Levesque,Th.Levesque,81370,['D'],"[4, 'D', 'D']",7.5,9.5,False,False
19,36,VINCENNES, 14h20,1 Jan,40000,2700,11,gauche,8,11,11,Arnold Fouteau,A,False,False,False,6D.Thomain,False,[],[],False,12,5,76.0
20,94,VINCENNES, 16h58,1 Jan,33000,2200,13,gauche,8,11,1,Dhikti Vedaquais,M,3,False,Y.Lebourgeois,Ph.Allaire,False,[],[],9.3,4.7,False,76.5
21,95,VINCENNES, 16h58,1 Jan,33000,2200,13,gauche,8,11,2,Dollar Du Vivier,M,3,False,JulienRaffestin,A.RipollRigo,False,[],[],16,71,4,79.0
22,96,VINCENNES, 16h58,1 Jan,33000,2200,13,gauche,8,11,3,Douglas Beach,H,3,False,M.Abrivard,G.Gillot,False,[],[],14,16,False,False
23,97,VINCENNES, 16h58,1 Jan,33000,2200,13,gauche,8,11,4,Dream De La Loge,M,3,False,A.Abrivard,L.cl.Abrivard,False,[],[],23,34,7,81.0
24,98,VINCENNES, 16h58,1 Jan,33000,2200,13,gauche,8,11,5,Dreamer Delo,M,3,False,E.Raffin,S.Guarato,False,[],[],2.9,2.1,False,False
25,99,VINCENNES, 16h58,1 Jan,33000,2200,13,gauche,8,11,6,Desir Du Bois,M,3,False,F.Desmigneux,J.l.Dersoir,1240,[4],"['D', 'D']",21,33,False,False
26,100,VINCENNES, 16h58,1 Jan,33000,2200,13,gauche,8,11,7,Delice Du Wallon,M,3,False,P.ph.Ploquin,MmeV.Lecroq,2480,[3],"[7, 5]",30,18,False,False
27,101,VINCENNES, 16h58,1 Jan,33000,2200,13,gauche,8,11,8,Daniel Bon,M,3,False,M.Mottier,ArnaudDesmottes,3180,[],"[5, 3, 5, 'D']",9.8,11,2,77.66666666666667
28,102,VINCENNES, 16h58,1 Jan,33000,2200,13,gauche,8,11,9,Donald D'occagn.,M,3,False,D.Bonne,FredericPrat,3250,[2],[],8.5,7.1,False,False
29,103,VINCENNES, 16h58,1 Jan,33000,2200,13,gauche,8,11,False,Duke,False,False,False,False,False,False,False,False,False,False,False,False
30,104,VINCENNES, 16h58,1 Jan,33000,2200,13,gauche,8,11,11,Driverigo D'eam,H,3,False,A.Garandeau,G.Mathias,3320,[],"[5, 4, 5]",15,35,5,79.16666666666667
31,105,VINCENNES, 16h58,1 Jan,33000,2200,13,gauche,8,11,12,Dagobert De Gig.,M,3,False,L.m.David,L.m.David,4490,[],"[6, 9, 3, 5]",42,23,3,78.5
32,106,VINCENNES, 16h58,1 Jan,33000,2200,13,gauche,8,11,13,Damiro Manathis,M,3,False,MartialViel,Y.Docquin,9670,[],"[8, 6, 3, 2]",22,31,6,79.66666666666667
33,123,VINCENNES, 13h38,2 Jan,50000,2700,11,gauche,12,29,False,Althea,False,False,False,False,False,False,False,False,False,False,False,False
34,124,VINCENNES, 13h38,2 Jan,50000,2700,11,gauche,12,29,2,Ariane D'and,F,6,False,Cl.Frecelle,F.Furet,92460,"[2, 1]","[9, 8]",9.3,12,False,75.16666666666667
35,125,VINCENNES, 13h38,2 Jan,50000,2700,11,gauche,12,29,3,Actrice De Larcy,F,6,False,M.Abrivard,Y.Docquin,93360,"[2, 2]","[3, 3]",3.6,3.8,2,75.5
36,126,VINCENNES, 13h38,2 Jan,50000,2700,11,gauche,12,29,4,Aube De La Nade,F,6,deferre_anterieurs_posterieurs,A.Dabouis,M.Dabouis,94090,"[1, 1, 4]",[0],6.9,4.5,3,75.66666666666667
37,127,VINCENNES, 13h38,2 Jan,50000,2700,11,gauche,12,29,5,Astuce De Kacy,F,6,deferre_anterieurs_posterieurs,F.Nivard,F.Leblanc,94100,"[4, 6, 0, 2]",[],20,24,6,76.33333333333333
38,128,VINCENNES, 13h38,2 Jan,50000,2700,11,gauche,12,29,6,Ariana,F,6,deferre_anterieurs_posterieurs,D.Bonne,J.p.Viel,95090,[7],"['D', 0, 0]",4.7,4,False,False
39,129,VINCENNES, 13h38,2 Jan,50000,2700,11,gauche,12,29,7,Astuce Du Bas B.,F,6,deferre_anterieurs_posterieurs,E.Raffin,F.Giard,95760,"['D', 8, 'D', 5]",[],37,49,4,76.5
40,130,VINCENNES, 13h38,2 Jan,50000,2700,11,gauche,12,29,8,Afrique,F,6,False,J.l.cl.Dersoir,J.w.Hallais,99940,"['D', 4, 1, 1]",[],6.6,7.8,8,76.83333333333333
41,131,VINCENNES, 13h38,2 Jan,50000,2700,11,gauche,12,29,9,Amie A La Bruye.,F,6,deferre_anterieurs_posterieurs,D.Thomain,J.Bruneau,104900,"[5, 3, 3, 0]",[],7.2,8.4,False,False
42,132,VINCENNES, 13h38,2 Jan,50000,2700,11,gauche,12,29,10,Akilina Grammont,F,6,deferre_anterieurs_posterieurs,Th.Dromigny,V.Lacroix,108700,"[5, 8, 3]",[0],36,35,5,76.16666666666667
43,133,VINCENNES, 13h38,2 Jan,50000,2700,11,gauche,12,29,11,Aventure Des Is.,F,6,False,A.Garandeau,G.Delacour,109980,"[5, 8, 1, 4]",[],15,28,7,76.33333333333333
44,149,VINCENNES, 14h40,2 Jan,105000,2700,16,gauche,12,29,False,Vaillant,False,False,False,False,False,False,False,False,False,False,False,False
45,150,VINCENNES, 14h40,2 Jan,105000,2700,16,gauche,12,29,2,Tuanita D'occag.,F,9,False,J.d.Ferreira,D.Desclos,294550,"[7, 4, 3]",[0],214,130,False,False
46,151,VINCENNES, 14h40,2 Jan,105000,2700,16,gauche,12,29,3,Vivier De L'ois.,H,7,False,AurelienDesmarres,MlleCh.Delamare,314890,"[7, 6, 5, 4]",[],38,50,3,74.16666666666667
47,152,VINCENNES, 14h40,2 Jan,105000,2700,16,gauche,12,29,4,Utopie Imperiale,F,8,deferre_anterieurs_posterieurs,Mlle.AudreyLaroc.,F.Boismartel,326800,"[7, 7, 3, 3]",[],42,32,6,74.66666666666667
48,153,VINCENNES, 14h40,2 Jan,105000,2700,16,gauche,12,29,5,Agrippine,F,6,deferre_anterieurs_posterieurs,LeoAbrivard,L.cl.Abrivard,347680,"[4, 7, 5, 'D']",[],4.2,6,False,False
49,154,VINCENNES, 14h40,2 Jan,105000,2700,16,gauche,12,29,6,Topaze Royale,F,9,False,N.Pacha,M.Abrivard,349040,"[3, 'D', 'D', 2]",[],14,13,7,74.83333333333333
50,155,VINCENNES, 14h40,2 Jan,105000,2700,16,gauche,12,29,7,Uppercut Du Hou.,H,8,deferre_anterieurs_posterieurs,False,B.Marie,353630,"[0, 0, 9, 7]",[],60,85,8,75.0
51,156,VINCENNES, 14h40,2 Jan,105000,2700,16,gauche,12,29,8,Una Des Ponnes,F,8,False,Ch.Mottier,B.Marie,364730,"[5, 0, 6]",['D'],26,57,False,False
52,157,VINCENNES, 14h40,2 Jan,105000,2700,16,gauche,12,29,9,Vrai Voyou,H,7,deferre_anterieurs_posterieurs,P.Houel,P.emmanuelMary,382800,"[5, 1, 5]",[0],10,8,5,74.66666666666667
53,158,VINCENNES, 14h40,2 Jan,105000,2700,16,gauche,12,29,10,Saphir Du Cebe,H,10,deferre_anterieurs_posterieurs,A.Nail,F.Leblanc,384500,"['D', 0]","['D', 'D']",133,412,False,False
54,159,VINCENNES, 14h40,2 Jan,105000,2700,16,gauche,12,29,11,Tayson De Houel.,H,9,False,Y.Jublot,F.Leblanc,391520,"[1, 3, 1, 0]",[],6.1,4.5,False,74.5
55,160,VINCENNES, 14h40,2 Jan,105000,2700,16,gauche,12,29,12,Tsar De Houelle,H,9,deferre_anterieurs_posterieurs,Mlle.S.Grillard,F.Leblanc,425640,"[7, 0, 0, 7]",[],63,105,9,75.0
56,161,VINCENNES, 14h40,2 Jan,105000,2700,16,gauche,12,29,13,Un Gars Du Large,H,8,False,AntoineMorin,JoelHallais,433130,"[9, 3, 3]",[0],11,12,1,75.33333333333333
57,162,VINCENNES, 14h40,2 Jan,105000,2700,16,gauche,12,29,14,Sirocco Jibace,H,10,False,V.Pateau,S.Roger,513700,[6],"[7, 'D', 3]",41,89,False,False
58,163,VINCENNES, 14h40,2 Jan,105000,2700,16,gauche,12,29,15,Veloce Du Banney,H,7,deferre_anterieurs_posterieurs,Th.Dromigny,F.Leblanc,535730,"['D', 4, 2, 2]",[],3.9,3.2,4,74.5
59,164,VINCENNES, 14h40,2 Jan,105000,2700,16,gauche,12,29,16,Tornade Du Dige.,F,9,deferre_anterieurs_posterieurs,J.y.Ricart,J.m.Bazire,581870,[],"[9, 8, 8, 'D']",6.3,9.9,2,74.16666666666667
60,215,VINCENNES, 17h13,2 Jan,33000,2200,16,gauche,12,29,1,Diva Charentaise,F,3,False,F.Lagadeuc,J.m.Baudouin,False,[],[],14,3.6,4,79.66666666666667
61,216,VINCENNES, 17h13,2 Jan,33000,2200,16,gauche,12,29,2,Divina Queen,F,3,False,J.l.cl.Dersoir,T.LeBeller,False,[],[],18,12,False,False
62,217,VINCENNES, 17h13,2 Jan,33000,2200,16,gauche,12,29,3,Divine Marboula,F,3,False,JulienRaffestin,K.Hawas,False,[],[],53,44,False,False
63,218,VINCENNES, 17h13,2 Jan,33000,2200,16,gauche,12,29,4,Dolce Star,F,3,False,M.Mottier,Ph.Rouer,False,[],[],22,33,False,False
64,219,VINCENNES, 17h13,2 Jan,33000,2200,16,gauche,12,29,5,Drole De Dame,F,3,False,Mlle.B.Bossuet,J.b.Bossuet,False,[],[],22,29,3,79.0
65,220,VINCENNES, 17h13,2 Jan,33000,2200,16,gauche,12,29,6,Doyale For D'am,F,3,False,F.Nivard,Cl.Casseron,False,[],['D'],18,12,False,False
66,221,VINCENNES, 17h13,2 Jan,33000,2200,16,gauche,12,29,7,Daisy De La Fol.,F,3,False,Ph.Masschaele,J.l.Labigne,False,[],[],16,36,7,82.33333333333333
67,222,VINCENNES, 17h13,2 Jan,33000,2200,16,gauche,12,29,8,Douce Des Gosse.,F,3,False,A.Garandeau,G.Delacour,False,['D'],"[6, 'D', 'D']",19,32,6,80.83333333333333
68,223,VINCENNES, 17h13,2 Jan,33000,2200,16,gauche,12,29,9,Dame De Fourches,F,3,False,J.Vanmeerbeck,J.Vanmeerbeck,False,[],[6],101,67,5,80.66666666666667
69,224,VINCENNES, 17h13,2 Jan,33000,2200,16,gauche,12,29,False,Djanga,False,False,False,False,False,False,False,False,False,False,False,False
70,225,VINCENNES, 17h13,2 Jan,33000,2200,16,gauche,12,29,11,Dolly Du Cap Ve.,F,3,False,False,B.LeBeller,1200,[5],[],45,31,False,False
71,226,VINCENNES, 17h13,2 Jan,33000,2200,16,gauche,12,29,12,Dayana Berry,F,3,False,A.Abrivard,J.m.Bazire,1820,[],[],7.4,4.9,2,79.16666666666667
72,227,VINCENNES, 17h13,2 Jan,33000,2200,16,gauche,12,29,13,Darling D'hermi.,F,3,False,Y.Lebourgeois,F.Blandin,2420,[3],[],5.6,9.2,False,False
73,228,VINCENNES, 17h13,2 Jan,33000,2200,16,gauche,12,29,14,Dolores De Kacy,F,3,False,R.Derieux,R.Derieux,4940,[],"[3, 'D', 'D']",6.8,8.5,False,79.0
74,229,VINCENNES, 17h13,2 Jan,33000,2200,16,gauche,12,29,15,Darling Lady,F,3,False,AurelienDesmarres,G.Lefrou,5850,[1],[],3.9,7.8,8,82.66666666666667
75,230,VINCENNES, 17h13,2 Jan,33000,2200,16,gauche,12,29,16,Dillarney Merite,F,3,False,J.Carre,F.Delenclos,9120,[],"[9, 5, 9, 6]",112,94,False,False
76,354,VINCENNES, 13h30,3 Jan,60000,2175,9,gauche,9,25,1,Call Me Victory,F,4,False,LeoAbrivard,Ph.Bengala,13470,[],"[1, 'D', 7, 5]",35,97,8,84.0
77,355,VINCENNES, 13h30,3 Jan,60000,2175,9,gauche,9,25,2,Comtesse D'orco,F,4,False,F.Nivard,F.Rochette,21100,"[4, 9, 4]",[8],27,42,7,77.16666666666667
78,356,VINCENNES, 13h30,3 Jan,60000,2175,9,gauche,9,25,3,Cahora Fonciere,F,4,deferre_anterieurs_posterieurs,A.Lamy,B.Marie,57450,"[2, 7, 4]",['D'],17,31,4,75.5
79,357,VINCENNES, 13h30,3 Jan,60000,2175,9,gauche,9,25,4,Caline De Faco,F,4,False,Ph.Masschaele,P.Daulier,59190,"[6, 5, 5, 6]",[],98,125,False,False
80,358,VINCENNES, 13h30,3 Jan,60000,2175,9,gauche,9,25,5,Celina Polka,F,4,deferre_anterieurs_posterieurs,A.Barrier,J.VanEeckhaute,62930,"[4, 3]","[9, 0]",12,16,2,74.33333333333333
81,359,VINCENNES, 13h30,3 Jan,60000,2175,9,gauche,9,25,6,Charmeuse De Si.,F,4,False,D.Bonne,L.Baudron,64360,"[1, 1, 1]",['D'],2.2,3,6,76.33333333333333
82,360,VINCENNES, 13h30,3 Jan,60000,2175,9,gauche,9,25,7,Cloane Du Vivier,F,4,deferre_posterieurs,E.Raffin,S.Guarato,73700,[],"[1, 2, 'D', 1]",4.4,2.9,False,73.83333333333333
83,361,VINCENNES, 13h30,3 Jan,60000,2175,9,gauche,9,25,8,Chiricahua,F,4,False,A.Kloess,Ch.Hamel,77750,"[3, 2, 1, 1]",[],3.9,3.3,5,76.16666666666667
84,362,VINCENNES, 13h30,3 Jan,60000,2175,9,gauche,9,25,9,Codie De Beauli.,F,4,deferre_posterieurs,A.Duperche,Ph.Rouer,79780,"[7, 0, 1, 'D']",[],17,13,3,74.33333333333333
85,373,VINCENNES, 15h23,4 Jan,60000,2175,9,gauche,10,16,1,Charm Evening,H,4,False,Mlle.L.Darlay,V.Jarry,13720,"[6, 4]",[],80,108,6,76.16666666666667
86,374,VINCENNES, 15h23,4 Jan,60000,2175,9,gauche,10,16,2,Celebre De Foot,M,4,False,M.Mottier,P.Hawas,32360,"[4, 2]",[],11,8.5,4,76.33333333333333
87,375,VINCENNES, 15h23,4 Jan,60000,2175,9,gauche,10,16,3,Canadien D'am,M,4,deferre_posterieurs,F.Nivard,F.Leblanc,33150,"[1, 'D']",[],1.4,2,False,False
88,376,VINCENNES, 15h23,4 Jan,60000,2175,9,gauche,10,16,4,Cooper,H,4,deferre_anterieurs_posterieurs,Y.Lebourgeois,T.LeBeller,35620,"['D', 'D']",[],6.4,4.3,False,74.66666666666667
89,377,VINCENNES, 15h23,4 Jan,60000,2175,9,gauche,10,16,5,Chouan Du Hour,H,4,False,G.Prat,G.Moinon,45100,"[5, 7]",[],53,37,False,False
90,378,VINCENNES, 15h23,4 Jan,60000,2175,9,gauche,10,16,6,Crepuscule Forg.,M,4,False,F.Gence,F.Gence,55780,[8],[7],23,58,False,False
91,379,VINCENNES, 15h23,4 Jan,60000,2175,9,gauche,10,16,7,Castel Black,M,4,deferre_posterieurs,B.Chanonat,J.p.Piton,61350,"[2, 4]",[],13,4.6,3,75.5
92,380,VINCENNES, 15h23,4 Jan,60000,2175,9,gauche,10,16,8,Caid De Bengale,H,4,deferre_posterieurs,E.Raffin,G.Curens,66890,[],"[0, 6]",12,20,2,74.83333333333333
93,381,VINCENNES, 15h23,4 Jan,60000,2175,9,gauche,10,16,9,Captain Lyl,M,4,False,M.Abrivard,F.Criado,77010,[],"[0, 0]",35,37,5,76.5
94,397,VINCENNES, 16h27,4 Jan,80000,2700,12,gauche,10,16,1,Accord Marjacq,H,6,False,S.e.Pasquier,J.Dubreil,115870,"[2, 6]",[],12,31,5,75.33333333333333
95,398,VINCENNES, 16h27,4 Jan,80000,2700,12,gauche,10,16,2,Azalee De Bomo,F,6,deferre_anterieurs,A.Abrivard,L.cl.Abrivard,116070,"[1, 4]",[],24,29,6,75.83333333333333
96,399,VINCENNES, 16h27,4 Jan,80000,2700,12,gauche,10,16,3,Ardelot,H,6,False,F.Lagadeuc,Ch.Chalon,137470,"[7, 7]",[],135,52,7,76.16666666666667
97,400,VINCENNES, 16h27,4 Jan,80000,2700,12,gauche,10,16,4,America One,F,6,False,Mlle.C.Cheradame,B.Lefevre,140140,"[7, 'D']",[],45,129,1,79.16666666666667
98,401,VINCENNES, 16h27,4 Jan,80000,2700,12,gauche,10,16,5,Amour Fou,H,6,deferre_posterieurs,F.Nivard,Th.Raffegeau,141370,"['D', 1]",[],2.6,2.4,False,75.0
99,402,VINCENNES, 16h27,4 Jan,80000,2700,12,gauche,10,16,6,Agrippa Mesloise,F,6,False,M.Mottier,P.Belloche,142520,[],"[3, 3]",11,11,9,77.5
100,403,VINCENNES, 16h27,4 Jan,80000,2700,12,gauche,10,16,7,Avalo Montaval,M,6,False,E.Raffin,F.Lercier,163760,[],"[2, 7]",12,13,False,False
101,404,VINCENNES, 16h27,4 Jan,80000,2700,12,gauche,10,16,8,Aurea Vikland,F,6,deferre_anterieurs_posterieurs,D.Bonne,G.Moinon,178550,"[3, 9]",[],16,18,4,75.33333333333333
102,405,VINCENNES, 16h27,4 Jan,80000,2700,12,gauche,10,16,9,Asis Bot Eur Mo.,H,6,False,GuillaumeMartin,ArnaudDesmottes,188960,['D'],[9],5,4.8,2,75.0
103,406,VINCENNES, 16h27,4 Jan,80000,2700,12,gauche,10,16,10,Andalouse,F,6,False,A.Barrier,F.Provost,191420,[8],['D'],16,5.5,3,75.33333333333333
104,407,VINCENNES, 16h27,4 Jan,80000,2700,12,gauche,10,16,11,Alexia Du Cheri.,F,6,False,M.Abrivard,D.Delaroche,195450,"['D', 7]",[],24,75,False,False
105,408,VINCENNES, 16h27,4 Jan,80000,2700,12,gauche,10,16,12,And Gibus,H,6,deferre_posterieurs,A.Garandeau,G.Delacour,196770,"[4, 4]",[],7.8,15,8,76.83333333333333
106,424,VINCENNES, 17h32,4 Jan,36000,2850,11,gauche,10,16,1,Business Story,F,5,deferre_anterieurs,K.Petitjean,LoicGroussard,13330,[],"[7, 'D']",69,38,False,False
107,425,VINCENNES, 17h32,4 Jan,36000,2850,11,gauche,10,16,2,Baronne De Gran.,F,5,False,M.Colleville,Ch.Clin,15710,"[4, 5]",[],18,26,6,78.66666666666667
108,426,VINCENNES, 17h32,4 Jan,36000,2850,11,gauche,10,16,3,Banquise Fleurie,F,5,deferre_posterieurs,False,Ch.Bezier,17960,[5],['D'],24,37,False,False
109,427,VINCENNES, 17h32,4 Jan,36000,2850,11,gauche,10,16,4,Broutille,F,5,False,J.Audebert,E.g.Blot,21000,[],"[4, 0]",21,37,5,78.16666666666667
110,428,VINCENNES, 17h32,4 Jan,36000,2850,11,gauche,10,16,5,Bellissima Dream,F,5,deferre_anterieurs_posterieurs,A.Dabouis,L.m.David,25110,[],"[6, 7]",18,16,False,False
111,429,VINCENNES, 17h32,4 Jan,36000,2850,11,gauche,10,16,6,Bella Nova,F,5,False,False,Ph.Beurel,25630,[8],[0],46,31,False,False
112,430,VINCENNES, 17h32,4 Jan,36000,2850,11,gauche,10,16,7,Brise D'awagne,F,5,deferre_posterieurs,B.Bernier,W.Fin,29250,[2],[0],9.2,7.8,False,77.16666666666667
113,431,VINCENNES, 17h32,4 Jan,36000,2850,11,gauche,10,16,8,Birene Du Gouti.,F,5,False,Mlle.AudreyLaroc.,M.Bezier,31790,[2],[2],7.3,4.9,4,78.16666666666667
114,432,VINCENNES, 17h32,4 Jan,36000,2850,11,gauche,10,16,9,Bogota Mali,F,5,False,P.Houel,Th.Lamare,32140,[],"['D', 8]",3.1,7.5,3,77.83333333333333
115,433,VINCENNES, 17h32,4 Jan,36000,2850,11,gauche,10,16,10,Bogota Du Terme,F,5,deferre_anterieurs_posterieurs,L.j.Legros,J.m.Legros,32690,"[1, 3]",[],3.8,2.6,False,False
116,434,VINCENNES, 17h32,4 Jan,36000,2850,11,gauche,10,16,11,Bombe De Caillo.,F,5,deferre_anterieurs_posterieurs,P.Sorais,C.Vasii,36470,['D'],['D'],7.8,7.6,2,77.66666666666667
117,466,VINCENNES, 14h20,5 Jan,45000,2175,9,gauche,10,14,1,Bilbao Boy,A,False,deferre_anterieurs_posterieurs,False,5E.Raffin,False,[],[],False,14,5,74.33333333333333
118,467,VINCENNES, 14h20,5 Jan,45000,2175,9,gauche,10,14,2,Bruno Blond,H,5,False,A.Lamy,B.Marie,41450,"['D', 3]",[],18,46,False,False
119,468,VINCENNES, 14h20,5 Jan,45000,2175,9,gauche,10,14,3,Banco De L'iton,H,5,deferre_anterieurs_posterieurs,M.Abrivard,HughesLevesque,43590,['D'],[9],12,9.9,2,74.16666666666667
120,469,VINCENNES, 14h20,5 Jan,45000,2175,9,gauche,10,14,4,Barry De Courti.,H,5,False,F.Joseph,P.a.Geslin,46190,[2],['D'],7.7,10,False,74.0
121,470,VINCENNES, 14h20,5 Jan,45000,2175,9,gauche,10,14,5,Bambi De Bellou.,H,5,False,A.Abrivard,L.cl.Abrivard,49340,[6],['D'],16,40,False,False
122,471,VINCENNES, 14h20,5 Jan,45000,2175,9,gauche,10,14,6,Baron Colmi,H,5,deferre_anterieurs_posterieurs,Y.Lebourgeois,S.Guarato,50150,"[5, 3]",[],7.3,6.7,False,False
123,472,VINCENNES, 14h20,5 Jan,45000,2175,9,gauche,10,14,7,Baron Herold,H,5,deferre_posterieurs,F.Nivard,F.Nivard,51400,"[6, 5]",[],8.2,5.4,3,74.5
124,473,VINCENNES, 14h20,5 Jan,45000,2175,9,gauche,10,14,8,Bazaki Seven,M,5,deferre_anterieurs_posterieurs,F.Lagadeuc,J.m.Baudouin,55970,"[7, 'D']",[],16,32,False,False
125,474,VINCENNES, 14h20,5 Jan,45000,2175,9,gauche,10,14,9,Banco Boy,A,False,deferre_anterieurs_posterieurs,False,5D.Bonne,False,[],[],False,1.9,4,74.16666666666667
126,493,VINCENNES, 15h22,5 Jan,34000,2175,14,gauche,10,14,1,Cash Is King,M,4,deferre_anterieurs_posterieurs,GuillaumeMartin,AlainRoussel,False,[8],['D'],37,47,False,False
127,494,VINCENNES, 15h22,5 Jan,34000,2175,14,gauche,10,14,2,Carus De La Gou.,H,4,False,R.Thonnerieux,G.Mathias,5790,[3],[7],30,71,False,False
128,495,VINCENNES, 15h22,5 Jan,34000,2175,14,gauche,10,14,False,Comme,False,False,False,False,False,False,False,False,False,False,False,False
129,496,VINCENNES, 15h22,5 Jan,34000,2175,14,gauche,10,14,4,Czar Des Acacias,M,4,False,G.Blandin,F.Blandin,7890,[5],[0],30,83,7,78.16666666666667
130,497,VINCENNES, 15h22,5 Jan,34000,2175,14,gauche,10,14,5,Cyrius D'ecajeul,H,4,deferre_anterieurs_posterieurs,F.Nivard,G.Grelier,8200,['D'],['D'],19,15,8,82.16666666666667
131,498,VINCENNES, 15h22,5 Jan,34000,2175,14,gauche,10,14,6,Cimoko D'ankar,H,4,deferre_posterieurs,A.Abrivard,G.Gillot,8490,"[3, 5]",[],4.1,2.8,False,False
132,499,VINCENNES, 15h22,5 Jan,34000,2175,14,gauche,10,14,7,Carton Nep,H,4,False,A.Lamy,Ch.Clin,9870,"[2, 'D']",[],13,7.1,2,74.83333333333333
133,500,VINCENNES, 15h22,5 Jan,34000,2175,14,gauche,10,14,8,Carat D'haufor,M,4,False,Ch.j.Bigeon,Ch.Bigeon,10600,"[7, 3]",[],11,14,3,76.5
134,501,VINCENNES, 15h22,5 Jan,34000,2175,14,gauche,10,14,9,Cocktail Julino,H,4,False,M.Mottier,D.Herlem,12270,[],"[6, 6]",21,9.7,False,False
135,502,VINCENNES, 15h22,5 Jan,34000,2175,14,gauche,10,14,10,Cow Boy De Mieux,M,4,False,Mlle.V.Capitaine,B.Lefevre,13340,"[4, 5]",[],16,16,6,77.5
136,503,VINCENNES, 15h22,5 Jan,34000,2175,14,gauche,10,14,11,Cristal De Jiel,H,4,False,A.Garandeau,J.Blavette,13390,"[5, 3]",[],9.2,13,4,76.66666666666667
137,504,VINCENNES, 15h22,5 Jan,34000,2175,14,gauche,10,14,12,Caesar Cehere,M,4,False,AurelienDesmarres,Y.Dousset,13640,"[1, 3]",[],3.5,5.3,False,74.66666666666667
138,505,VINCENNES, 15h22,5 Jan,34000,2175,14,gauche,10,14,13,Chil De La Vall.,H,4,deferre_anterieurs_posterieurs,D.Bonne,B.Bourgoin,16070,"[7, 5]",[],14,16,9,86.0
139,506,VINCENNES, 15h22,5 Jan,34000,2175,14,gauche,10,14,14,Cyriac D'alci,H,4,False,P.y.Verva,F.Criado,16150,[],"[8, 9]",13,39,5,76.83333333333333
140,794,VINCENNES, 12h30,6 Jan,36000,2700,11,gauche,9,9,1,Ange Du Bonheur,H,6,False,Mlle.M.Joly,Ch.Bouffard,39350,[2],[0],10,14,False,False
141,795,VINCENNES, 12h30,6 Jan,36000,2700,11,gauche,9,9,2,Ambre De Senovi.,H,6,False,K.Petitjean,LoicGroussard,42850,"['D', 7]",[],26,74,5,77.0
142,796,VINCENNES, 12h30,6 Jan,36000,2700,11,gauche,9,9,3,Aldo Pierji,M,6,deferre_posterieurs,False,J.Poutrel,44350,[],"['D', 0]",12,27,False,False
143,797,VINCENNES, 12h30,6 Jan,36000,2700,11,gauche,9,9,4,Akhenaton,H,6,deferre_anterieurs,P.Houel,MlleC.Chassagne,48560,"[8, 9]",[],9.6,15,7,88.16666666666667
144,798,VINCENNES, 12h30,6 Jan,36000,2700,11,gauche,9,9,False,Alto,False,False,False,False,False,False,False,False,False,False,False,False
145,799,VINCENNES, 12h30,6 Jan,36000,2700,11,gauche,9,9,6,Abelion,H,6,False,Mlle.C.Saout,G.Ridel,58240,"[1, 4]",[],8,6.2,2,76.16666666666667
146,800,VINCENNES, 12h30,6 Jan,36000,2700,11,gauche,9,9,7,Amour De Jiel,H,6,False,B.Rochard,J.l.Dersoir,65020,"[4, 0]",[],6,11,6,78.5
147,801,VINCENNES, 12h30,6 Jan,36000,2700,11,gauche,9,9,8,Aramis De Chenu,M,6,False,N.Pacha,F.Pellerot,66200,"['D', 3]",[],4.7,3.8,4,76.5
148,802,VINCENNES, 12h30,6 Jan,36000,2700,11,gauche,9,9,9,Adios,H,6,False,V.Saussaye,A.DeJesus,66810,[],"['D', 0]",13,25,3,76.33333333333333
149,803,VINCENNES, 12h30,6 Jan,36000,2700,11,gauche,9,9,10,Azan D'azif,H,6,deferre_posterieurs,AurelienDesmarres,H.Bihel,73950,[4],[0],3.2,2.2,False,76.0
150,804,VINCENNES, 12h30,6 Jan,36000,2700,11,gauche,9,9,False,Arsenal,False,False,False,False,False,False,False,False,False,False,False,False
151,819,VINCENNES, 13h34,6 Jan,34000,2175,16,gauche,9,9,1,Charmeuse Julry,F,4,False,JulienRaffestin,JulienRaffestin,False,[],[],40,38,False,False
152,820,VINCENNES, 13h34,6 Jan,34000,2175,16,gauche,9,9,2,Chelsea Ecus,F,4,deferre_posterieurs,A.Barrier,M.Varin,4300,[],"[8, 2]",32,75,False,False
153,821,VINCENNES, 13h34,6 Jan,34000,2175,16,gauche,9,9,3,Celia De La Fon.,F,4,False,P.y.Verva,J.Koubiche,6730,"[3, 'D']",[],39,41,6,77.66666666666667
154,822,VINCENNES, 13h34,6 Jan,34000,2175,16,gauche,9,9,4,Claudia De Chenu,F,4,False,M.Abrivard,F.Pellerot,7040,"[4, 'D']",[],21,17,7,78.0
155,823,VINCENNES, 13h34,6 Jan,34000,2175,16,gauche,9,9,5,Cantate Du Gout.,F,4,deferre_posterieurs,F.Lagadeuc,R.ch.Larue,7400,"['D', 9]",[],42,83,False,False
156,824,VINCENNES, 13h34,6 Jan,34000,2175,16,gauche,9,9,6,Cassandre De Bi.,F,4,False,False,Ph.Bengala,8110,[],"['D', 'D']",55,160,False,False
157,825,VINCENNES, 13h34,6 Jan,34000,2175,16,gauche,9,9,7,Catalina,F,4,False,M.Mottier,J.r.Launois,8350,"[5, 'D']",[],55,105,False,False
158,826,VINCENNES, 13h34,6 Jan,34000,2175,16,gauche,9,9,8,Croisiere Du Do.,F,4,deferre_posterieurs,G.Blandin,F.Blandin,10580,['D'],['D'],19,45,False,False
159,827,VINCENNES, 13h34,6 Jan,34000,2175,16,gauche,9,9,9,Cherry D'occagn.,F,4,False,A.Duperche,A.RipollRigo,11200,"[3, 6]",[],23,32,8,82.0
160,828,VINCENNES, 13h34,6 Jan,34000,2175,16,gauche,9,9,10,Candy Oaks,F,4,deferre_anterieurs_posterieurs,A.Tintillier,Ph.Gaillard,11850,[],"[1, 0]",32,26,5,76.0
161,829,VINCENNES, 13h34,6 Jan,34000,2175,16,gauche,9,9,11,Cerisella,F,4,False,J.d.Ferreira,J.ch.Germain,12170,[7],['D'],248,196,False,False
162,830,VINCENNES, 13h34,6 Jan,34000,2175,16,gauche,9,9,12,Cigale Castelets,F,4,deferre_anterieurs_posterieurs,E.Raffin,S.Guarato,14100,"[6, 4]",[],4.1,3.3,False,74.33333333333333
163,831,VINCENNES, 13h34,6 Jan,34000,2175,16,gauche,9,9,13,Can You Love Qu.,F,4,deferre_anterieurs_posterieurs,F.Nivard,F.Leblanc,15300,[4],['D'],8.6,8.5,3,75.5
164,832,VINCENNES, 13h34,6 Jan,34000,2175,16,gauche,9,9,14,Chipie De Fokis.,F,4,False,Y.Lebourgeois,J.m.Legros,15300,"[1, 'D']",[],2.5,2.4,2,75.16666666666667
165,833,VINCENNES, 13h34,6 Jan,34000,2175,16,gauche,9,9,15,Chantereine,F,4,False,Mlle.C.Levesque,Th.Aline,16280,[5],[0],23,26,4,75.5
166,834,VINCENNES, 13h34,6 Jan,34000,2175,16,gauche,9,9,16,Celia De Payre,F,4,deferre_anterieurs_posterieurs,S.e.Pasquier,D.Pasquier,17970,[8],[8],13,13,9,83.16666666666667
167,849,VINCENNES, 14h38,6 Jan,45000,2175,12,gauche,9,9,1,Bigoudene Thieb.,F,5,deferre_anterieurs,R.Gougeon,R.Gougeon,17650,"['D', 0]",[],56,149,1,78.33333333333333
168,850,VINCENNES, 14h38,6 Jan,45000,2175,12,gauche,9,9,2,Benjamine Gede,F,5,deferre_posterieurs,M.Mottier,A.Pillon,45120,[],"[0, 'D']",14,9.9,3,74.16666666666667
169,851,VINCENNES, 14h38,6 Jan,45000,2175,12,gauche,9,9,3,Bastelica Phedo,F,5,False,O.Touvais,P.Touvais,46000,"['D', 'D']",[],48,63,8,76.0
170,852,VINCENNES, 14h38,6 Jan,45000,2175,12,gauche,9,9,4,Baraka Gede,F,5,False,M.Abrivard,M.Sassier,46870,"['D', 'D']",[],11,17,2,73.66666666666667
171,853,VINCENNES, 14h38,6 Jan,45000,2175,12,gauche,9,9,5,Business Lady,F,5,deferre_anterieurs_posterieurs,P.edouardMary,Ch.a.Mary,48250,"[1, 4]",[],11,6.1,7,74.33333333333333
172,854,VINCENNES, 14h38,6 Jan,45000,2175,12,gauche,9,9,6,Beauty Der Mad,F,5,False,J.l.cl.Dersoir,J.w.Hallais,48370,"['D', 5]",[],19,29,9,76.33333333333333
173,855,VINCENNES, 14h38,6 Jan,45000,2175,12,gauche,9,9,7,Belle Des Fanes,F,5,False,Mlle.C.Levesque,Ch.Thijs,51476,"[0, 0]",[],63,102,False,False
174,856,VINCENNES, 14h38,6 Jan,45000,2175,12,gauche,9,9,8,By Beach,F,5,deferre_anterieurs_posterieurs,Y.Lebourgeois,F.Harel,56260,[6],['D'],4.3,2.7,False,False
175,857,VINCENNES, 14h38,6 Jan,45000,2175,12,gauche,9,9,9,Belle Eclaircie,F,5,deferre_posterieurs,A.Lherete,P.Viel,57540,"[2, 4]",[],7.6,9.9,6,74.16666666666667
176,858,VINCENNES, 14h38,6 Jan,45000,2175,12,gauche,9,9,10,Babilouise,F,5,deferre_posterieurs,E.Raffin,F.Giard,57960,"[4, 3]",[],21,17,4,74.0
177,859,VINCENNES, 14h38,6 Jan,45000,2175,12,gauche,9,9,11,Belle Katie,F,5,deferre_anterieurs_posterieurs,A.Abrivard,J.m.Bazire,58720,"[3, 'D']",[],5.5,6,False,73.16666666666667
178,860,VINCENNES, 14h38,6 Jan,45000,2175,12,gauche,9,9,12,Balantine Max,F,5,False,D.Bonne,D.Bonne,60640,['D'],['D'],3.9,9.1,5,74.16666666666667
179,1056,VINCENNES, 17h25,7 Jan,35000,2200,11,gauche,13,24,1,Dollar Des Angl.,H,3,False,False,J.Roulland,False,[],[],31,35,3,85.5
180,1057,VINCENNES, 17h25,7 Jan,35000,2200,11,gauche,13,24,2,Der De Mye,M,3,False,F.Lagadeuc,R.ch.Larue,False,['D'],[],23,38,False,False
181,1058,VINCENNES, 17h25,7 Jan,35000,2200,11,gauche,13,24,3,Duc Des Clerbosq,A,False,False,False,3A.Abrivard,False,[],[],False,37,False,False
182,1059,VINCENNES, 17h25,7 Jan,35000,2200,11,gauche,13,24,4,Duck Dryme,M,3,False,E.Raffin,L.Leduc,False,[],[],15,20,False,False
183,1060,VINCENNES, 17h25,7 Jan,35000,2200,11,gauche,13,24,5,Desiros Phedo,H,3,False,S.e.Pasquier,P.Touvais,False,"[5, 7]",[],19,18,False,False
184,1061,VINCENNES, 17h25,7 Jan,35000,2200,11,gauche,13,24,6,Don Francois,A,False,False,False,3A.Lamy,False,[],[],False,45,False,False
185,1062,VINCENNES, 17h25,7 Jan,35000,2200,11,gauche,13,24,7,Desir Du Bois,M,3,False,F.Desmigneux,J.l.Dersoir,1240,"['D', 4]",[],14,19,False,False
186,1063,VINCENNES, 17h25,7 Jan,35000,2200,11,gauche,13,24,8,Donald D'occagn.,M,3,False,D.Bonne,FredericPrat,3250,"['D', 2]",[],5.9,6,False,81.16666666666667
187,1064,VINCENNES, 17h25,7 Jan,35000,2200,11,gauche,13,24,9,Darko Des Brous.,H,3,False,Ph.Masschaele,Y.Tesson,5850,[1],[],6.4,4.4,False,False
188,1065,VINCENNES, 17h25,7 Jan,35000,2200,11,gauche,13,24,10,Drakkar Des Pins,M,3,False,P.y.Verva,Ch.Nicole,6270,[],"[5, 4]",16,16,2,85.0
189,1066,VINCENNES, 17h25,7 Jan,35000,2200,11,gauche,13,24,11,Daniel Bon,M,3,False,M.Mottier,ArnaudDesmottes,11430,[2],[5],2,2,False,False
190,1167,VINCENNES, 12h30,26 Jan,62000,2700,11,gauche,9,14,1,Ukija,F,8,deferre_posterieurs,R.Thonnerieux,F.Bonnefoy,184640,"[7, 0]",[],55,68,False,False
191,1168,VINCENNES, 12h30,26 Jan,62000,2700,11,gauche,9,14,2,Tess D'osons,F,9,deferre_posterieurs,Mlle.L.Grosbot,N.Mourot,186850,[1],[9],4.4,4.8,False,False
192,1169,VINCENNES, 12h30,26 Jan,62000,2700,11,gauche,9,14,3,Topaze Jiel,F,9,deferre_posterieurs,B.Rochard,J.l.Dersoir,188700,"[5, 4]",[],7.5,6.2,False,False
193,1170,VINCENNES, 12h30,26 Jan,62000,2700,11,gauche,9,14,4,Ukita Barbes,F,8,deferre_anterieurs,A.Voisin,M.Bezier,195220,"[6, 5]",[],20,29,3,76.16666666666667
194,1171,VINCENNES, 12h30,26 Jan,62000,2700,11,gauche,9,14,5,Urtikaline,F,8,deferre_anterieurs_posterieurs,B.Bernier,M.Bizoux,217200,[2],[0],5.3,5.2,2,76.0
195,1172,VINCENNES, 12h30,26 Jan,62000,2700,11,gauche,9,14,6,Tornade Mika,F,9,deferre_anterieurs_posterieurs,V.Pateau,S.Roger,220420,"[8, 8]",[],23,46,5,76.83333333333333
196,1173,VINCENNES, 12h30,26 Jan,62000,2700,11,gauche,9,14,7,Upsala D'atout,F,8,deferre_anterieurs_posterieurs,N.Pacha,Th.Duvaldestin,223570,['D'],[2],6.9,5.4,False,76.16666666666667
197,1174,VINCENNES, 12h30,26 Jan,62000,2700,11,gauche,9,14,8,Trinite Du Mont,F,9,False,L.Donati,Ph.Deroyand,230090,[],"[0, 9]",14,37,False,False
198,1175,VINCENNES, 12h30,26 Jan,62000,2700,11,gauche,9,14,9,Tosca Du Breucq,F,9,deferre_posterieurs,LeoAbrivard,A.Raffegeau,233770,[],"[0, 0]",7.8,7.4,False,False
199,1176,VINCENNES, 12h30,26 Jan,62000,2700,11,gauche,9,14,10,Trafiquante,F,9,False,A.Chapey,G.Alaine,244460,"['D', 7]",[],55,71,4,76.66666666666667
200,1177,VINCENNES, 12h30,26 Jan,62000,2700,11,gauche,9,14,11,Shamfalla,F,10,deferre_anterieurs_posterieurs,False,Th.Loncke,249990,[],"[0, 2]",5.6,5,False,False
201,1209,VINCENNES, 14h05,26 Jan,35000,2700,14,gauche,9,14,1,Diable D'ourvil.,M,3,False,F.Nivard,F.Leblanc,False,[],[],9.6,11,False,False
202,1210,VINCENNES, 14h05,26 Jan,35000,2700,14,gauche,9,14,2,Dzeus Saint Alf.,M,3,False,J..DaVeiga,P.Labrousse,False,[],[],6.6,46,False,False
203,1211,VINCENNES, 14h05,26 Jan,35000,2700,14,gauche,9,14,3,Douglas Beach,H,3,False,Y.Lebourgeois,G.Gillot,False,['D'],[],32,36,4,81.16666666666667
204,1212,VINCENNES, 14h05,26 Jan,35000,2700,14,gauche,9,14,4,Dream Toon's,H,3,False,M.Mottier,M.Bezier,False,[],['D'],25,52,False,False
205,1213,VINCENNES, 14h05,26 Jan,35000,2700,14,gauche,9,14,5,Dreamer Delo,M,3,False,E.Raffin,S.Guarato,False,['D'],[],7.3,2,False,78.83333333333333
206,1214,VINCENNES, 14h05,26 Jan,35000,2700,14,gauche,9,14,6,Duc Des Noyers,M,3,False,F.Lagadeuc,F.Ledoux,False,[],[],119,68,False,False
207,1215,VINCENNES, 14h05,26 Jan,35000,2700,14,gauche,9,14,7,Duck Dryme,M,3,False,D.Bonne,L.Leduc,False,['D'],[],34,19,False,False
208,1216,VINCENNES, 14h05,26 Jan,35000,2700,14,gauche,9,14,8,Dream De La Loge,M,3,False,A.Abrivard,L.cl.Abrivard,False,"['D', 7]",[],9.8,34,False,False
209,1217,VINCENNES, 14h05,26 Jan,35000,2700,14,gauche,9,14,9,Diner A La Grave,M,3,False,M.Abrivard,N.Langlois,1540,[],['D'],7.8,10,3,80.33333333333333
210,1218,VINCENNES, 14h05,26 Jan,35000,2700,14,gauche,9,14,10,Derby Ace,H,3,False,Mlle.C.Cheradame,S.Ferchaud,1800,[5],[],56,39,False,False
211,1219,VINCENNES, 14h05,26 Jan,35000,2700,14,gauche,9,14,11,Dollar Du Vivier,M,3,False,JulienRaffestin,A.RipollRigo,2640,"['D', 4]",[],16,18,2,79.5
212,1220,VINCENNES, 14h05,26 Jan,35000,2700,14,gauche,9,14,12,Dream Of Life,M,3,False,A.Barrier,G.Thorel,2880,[4],[0],7.5,7.6,False,False
213,1221,VINCENNES, 14h05,26 Jan,35000,2700,14,gauche,9,14,13,Diablo Du Logis,H,3,False,D.Thomain,A.Houssin,4220,[],"['D', 'D']",14,34,False,False
214,1222,VINCENNES, 14h05,26 Jan,35000,2700,14,gauche,9,14,14,Darko Des Brous.,H,3,False,Ph.Masschaele,Y.Tesson,5850,"['D', 1]",[],5.5,9.2,False,False
215,1233,VINCENNES, 15h08,26 Jan,44000,2700,11,gauche,9,14,1,Banquise Fleurie,F,5,False,G.Guilbert,Ch.Bezier,17960,"['D', 5]",[],231,144,7,82.83333333333333
216,1234,VINCENNES, 15h08,26 Jan,44000,2700,11,gauche,9,14,2,Bilitis,F,5,False,A.Garandeau,Ch.Douillet,39010,[],"[1, 2]",3.4,8.7,5,76.66666666666667
217,1235,VINCENNES, 15h08,26 Jan,44000,2700,11,gauche,9,14,3,Salome' Bar,F,5,False,A.Abrivard,CatelloSavarese,39853,[],"['D', 'D']",26,31,False,False
218,1236,VINCENNES, 15h08,26 Jan,44000,2700,11,gauche,9,14,4,Bombe De Caillo.,F,5,False,J.l.cl.Dersoir,C.Vasii,45470,[2],['D'],10,15,False,75.83333333333333
219,1237,VINCENNES, 15h08,26 Jan,44000,2700,11,gauche,9,14,5,Bastelica Phedo,F,5,False,O.Touvais,P.Touvais,46000,"[8, 'D']",[],27,78,6,77.0
220,1238,VINCENNES, 15h08,26 Jan,44000,2700,11,gauche,9,14,6,Candy Store,F,5,False,Mlle.C.Levesque,L.Kolgjini,46236,[],"[1, 9]",7.8,2.4,False,False
221,1239,VINCENNES, 15h08,26 Jan,44000,2700,11,gauche,9,14,7,Bahia Blue,F,5,deferre_anterieurs_posterieurs,M.Mottier,Ch.Petrement,46760,"['D', 2]",[],4.5,4.7,False,False
222,1240,VINCENNES, 15h08,26 Jan,44000,2700,11,gauche,9,14,8,Business Lady,F,5,deferre_anterieurs_posterieurs,P.edouardMary,Ch.a.Mary,48700,"[7, 1]",[],7,8.4,4,76.5
223,1241,VINCENNES, 15h08,26 Jan,44000,2700,11,gauche,9,14,9,Benjamine Gede,F,5,False,D.Bonne,A.Pillon,51420,"['D', 3]",[],18,10,3,76.33333333333333
224,1242,VINCENNES, 15h08,26 Jan,44000,2700,11,gauche,9,14,10,Bodega Del Arte,F,5,False,False,B.LeBeller,54000,[],"[0, 1]",13,25,False,False
225,1243,VINCENNES, 15h08,26 Jan,44000,2700,11,gauche,9,14,11,Bella Dolce Ser.,F,5,False,A.Wiels,Y.Dousset,56000,"[4, 'D']",[],9.6,11,2,76.5
226,1495,VINCENNES, 15h57,28 Jan,55000,2175,13,gauche,10,11,1,Valetta Strix,F,6,deferre_posterieurs,Mlle.C.Levesque,L.Kolgjini,87092,[],"[0, 2]",32,50,5,73.33333333333333
227,1496,VINCENNES, 15h57,28 Jan,55000,2175,13,gauche,10,11,2,Arabole Du Varl.,F,6,deferre_anterieurs_posterieurs,J.d.Ferreira,M.Dupuis,91570,[5],['D'],238,157,False,False
228,1497,VINCENNES, 15h57,28 Jan,55000,2175,13,gauche,10,11,3,Ariana,F,6,False,D.Bonne,V.Viel,95090,"['D', 'D']",[],7.2,7.8,False,False
229,1498,VINCENNES, 15h57,28 Jan,55000,2175,13,gauche,10,11,4,Aube De La Nade,F,6,deferre_anterieurs_posterieurs,A.Dabouis,M.Dabouis,101090,[3],[0],13,25,6,73.33333333333333
230,1499,VINCENNES, 15h57,28 Jan,55000,2175,13,gauche,10,11,5,Amie A La Bruye.,F,6,deferre_anterieurs_posterieurs,D.Thomain,J.Bruneau,104900,"['D', 5]",[],17,30,4,73.33333333333333
231,1500,VINCENNES, 15h57,28 Jan,55000,2175,13,gauche,10,11,6,Annees Folles,F,6,False,M.Mottier,M.Bezier,114970,['D'],[0],14,32,False,False
232,1501,VINCENNES, 15h57,28 Jan,55000,2175,13,gauche,10,11,7,Akilina Grammont,F,6,deferre_anterieurs_posterieurs,Th.Dromigny,V.Lacroix,116000,"[4, 5]",[],16,56,9,74.33333333333333
233,1502,VINCENNES, 15h57,28 Jan,55000,2175,13,gauche,10,11,8,Aviva Aimef,F,6,deferre_anterieurs_posterieurs,M.Abrivard,M.Abrivard,117220,[],"[0, 4]",7.2,11,3,73.33333333333333
234,1503,VINCENNES, 15h57,28 Jan,55000,2175,13,gauche,10,11,9,Aurore De Mael,F,6,deferre_anterieurs,Mlle.NoemieHardy,S.Hardy,117580,[],"[0, 6]",15,21,7,73.83333333333333
235,1504,VINCENNES, 15h57,28 Jan,55000,2175,13,gauche,10,11,10,Apotheose D'em,F,6,False,J.l.cl.Dersoir,J.p.Allix,118860,[1],[0],8,3.7,1,74.5
236,1505,VINCENNES, 15h57,28 Jan,55000,2175,13,gauche,10,11,11,Athena De L'abb.,F,6,deferre_anterieurs_posterieurs,E.Raffin,J.m.Bazire,125060,[1],[0],4,3.6,2,73.16666666666667
237,1506,VINCENNES, 15h57,28 Jan,55000,2175,13,gauche,10,11,12,Alexane D'urzy,F,6,deferre_anterieurs,LeoAbrivard,L.cl.Abrivard,127780,[],"[6, 2]",27,21,False,73.0
238,1507,VINCENNES, 15h57,28 Jan,55000,2175,13,gauche,10,11,13,Azalee De Bomo,F,6,deferre_anterieurs,A.Abrivard,L.cl.Abrivard,132670,"[2, 6]",[],7.2,5.2,8,74.0
239,1534,VINCENNES, 17h25,28 Jan,37000,2850,11,gauche,10,11,1,Crack De Bourse,H,4,False,Mlle.C.Levesque,E.Varin,False,"['D', 8]",[],172,74,False,False
240,1535,VINCENNES, 17h25,28 Jan,37000,2850,11,gauche,10,11,2,Castel Du Sud,H,4,False,AurelienDesmarres,S.Deshaies,1380,[],"['D', 'D']",31,143,False,False
241,1536,VINCENNES, 17h25,28 Jan,37000,2850,11,gauche,10,11,3,Crack The Best,M,4,False,F.Nivard,F.Leblanc,12150,[1],[],5.2,3.8,3,77.33333333333333
242,1537,VINCENNES, 17h25,28 Jan,37000,2850,11,gauche,10,11,4,Calitche Didjeap,H,4,False,M.Barre,J.p.Diabat,24340,"[3, 5]",[],43,43,7,78.66666666666667
243,1538,VINCENNES, 17h25,28 Jan,37000,2850,11,gauche,10,11,False,Time,False,False,False,False,False,False,False,False,False,False,False,False
244,1539,VINCENNES, 17h25,28 Jan,37000,2850,11,gauche,10,11,6,Cash Du Rib,H,4,False,J.l.cl.Dersoir,J.l.cl.Dersoir,26640,[],"['D', 'D']",6.2,7.4,False,76.16666666666667
245,1540,VINCENNES, 17h25,28 Jan,37000,2850,11,gauche,10,11,7,Caballo Desbois,M,4,deferre_anterieurs_posterieurs,M.Abrivard,Ch.Feyte,31000,['D'],[8],4.8,8.8,5,77.33333333333333
246,1541,VINCENNES, 17h25,28 Jan,37000,2850,11,gauche,10,11,8,Crack De La Cote,H,4,False,J.Carre,F.Delenclos,32430,"[4, 'D']",[],19,23,6,77.66666666666667
247,1542,VINCENNES, 17h25,28 Jan,37000,2850,11,gauche,10,11,9,Cavino,H,4,deferre_posterieurs,D.Thomain,S.Guarato,32650,"[2, 'D']",[],3.7,2.3,2,76.33333333333333
248,1543,VINCENNES, 17h25,28 Jan,37000,2850,11,gauche,10,11,10,Condor De L'aul.,H,4,False,A.Garandeau,J.Dubreil,34030,"[5, 3]",[],6.6,6.1,4,77.33333333333333
249,1544,VINCENNES, 17h25,28 Jan,37000,2850,11,gauche,10,11,11,Cagliostro,H,4,False,F.Poisson,J.Girouard,35120,['D'],['D'],52,124,8,85.0
250,1646,VINCENNES, 13h15,10 Fév,60000,2175,15,gauche,8,18,1,Ariana,F,6,deferre_posterieurs,G.Gervais,V.Viel,95090,"['D', 'D', 'D']",[],11,13,False,False
251,1647,VINCENNES, 13h15,10 Fév,60000,2175,15,gauche,8,18,2,Algua De Forgan,F,6,deferre_anterieurs,J.y.Ricart,N.Martineau,104160,[9],[0],66,138,1,75.66666666666667
252,1648,VINCENNES, 13h15,10 Fév,60000,2175,15,gauche,8,18,3,Aqua Ball,F,6,deferre_anterieurs_posterieurs,B.Rochard,G.Curens,107720,[2],[0],13,16,6,75.0
253,1649,VINCENNES, 13h15,10 Fév,60000,2175,15,gauche,8,18,4,Annees Folles,F,6,False,Mlle.AudreyLaroc.,M.Bezier,114970,['D'],[0],61,71,False,False
254,1650,VINCENNES, 13h15,10 Fév,60000,2175,15,gauche,8,18,5,Akilina Grammont,F,6,deferre_anterieurs_posterieurs,F.Prioul,V.Lacroix,116000,"[9, 4, 5]",[],41,63,5,74.66666666666667
255,1651,VINCENNES, 13h15,10 Fév,60000,2175,15,gauche,8,18,6,Aurore De Mael,F,6,deferre_anterieurs,Mlle.NoemieHardy,S.Hardy,118130,[7],[0],51,42,9,75.66666666666667
256,1652,VINCENNES, 13h15,10 Fév,60000,2175,15,gauche,8,18,7,A Mery De Chaha.,F,6,deferre_anterieurs_posterieurs,L.Donati,C.Megissier,124710,"[6, 2]",[],5.9,5.3,False,74.33333333333333
257,1653,VINCENNES, 13h15,10 Fév,60000,2175,15,gauche,8,18,8,Aviva Aimef,F,6,deferre_anterieurs_posterieurs,N.Pacha,M.Abrivard,124920,[3],[0],6,5.8,3,74.66666666666667
258,1654,VINCENNES, 13h15,10 Fév,60000,2175,15,gauche,8,18,9,Alite De La Cote,F,6,deferre_anterieurs,A.Prat,P.Vercruysse,129480,[],"[8, 2]",17,30,False,False
259,1655,VINCENNES, 13h15,10 Fév,60000,2175,15,gauche,8,18,10,Axola D'ablon,F,6,deferre_anterieurs_posterieurs,Th.Dromigny,N.Dromigny,137040,"[7, 4]",[],20,24,4,74.66666666666667
260,1656,VINCENNES, 13h15,10 Fév,60000,2175,15,gauche,8,18,11,America One,F,6,deferre_posterieurs,Mlle.V.Capitaine,B.Lefevre,140140,"['D', 0]",[],128,101,False,False
261,1657,VINCENNES, 13h15,10 Fév,60000,2175,15,gauche,8,18,12,Aquitaine D'aron,F,6,deferre_anterieurs_posterieurs,Y.Jublot,F.Leblanc,140340,"['D', 'D']",[],30,26,7,75.0
262,1658,VINCENNES, 13h15,10 Fév,60000,2175,15,gauche,8,18,13,Andalousie,F,6,deferre_posterieurs,A.Velany,J.Bruneau,144440,[],"[0, 8]",27,32,8,75.33333333333333
263,1659,VINCENNES, 13h15,10 Fév,60000,2175,15,gauche,8,18,14,Arlesienne,F,6,deferre_anterieurs_posterieurs,A.Dabouis,J.f.Senet,144920,[],"[0, 3]",19,24,False,False
264,1660,VINCENNES, 13h15,10 Fév,60000,2175,15,gauche,8,18,15,Alexane D'urzy,F,6,deferre_anterieurs,LeoAbrivard,L.cl.Abrivard,152530,[1],[6],2.6,2.2,2,74.33333333333333
265,1679,VINCENNES, 14h20,10 Fév,36000,2700,13,gauche,8,18,1,Castel Du Sud,H,4,False,AurelienDesmarres,S.Deshaies,1380,['D'],['D'],30,231,5,78.5
266,1680,VINCENNES, 14h20,10 Fév,36000,2700,13,gauche,8,18,2,Corail D'aure,H,4,deferre_anterieurs_posterieurs,A.Lamy,P.emmanuelMary,5040,[3],[9],39,24,False,False
267,1681,VINCENNES, 14h20,10 Fév,36000,2700,13,gauche,8,18,3,Caprice D'or,H,4,deferre_anterieurs,P.y.Verva,P.y.Verva,10810,"[6, 4]",[],16,37,False,False
268,1682,VINCENNES, 14h20,10 Fév,36000,2700,13,gauche,8,18,4,Cyrano Du Chate.,M,4,False,E.Raffin,Y.a.Briand,17050,[1],['D'],7.1,3.8,False,False
269,1683,VINCENNES, 14h20,10 Fév,36000,2700,13,gauche,8,18,5,Crack The Best,M,4,False,F.Nivard,F.Leblanc,17330,"[3, 1]",[],4,3.9,False,False
270,1684,VINCENNES, 14h20,10 Fév,36000,2700,13,gauche,8,18,6,Cyriac D'alci,H,4,deferre_anterieurs_posterieurs,Th.Dromigny,F.Criado,19650,"[5, 'D', 5]",[],41,36,4,77.16666666666667
271,1685,VINCENNES, 14h20,10 Fév,36000,2700,13,gauche,8,18,7,Crack D'ariane,M,4,False,M.Abrivard,D.Bethouart,19910,[3],['D'],13,13,False,False
272,1686,VINCENNES, 14h20,10 Fév,36000,2700,13,gauche,8,18,8,Coffee D'ostal,H,4,deferre_anterieurs,F.Joseph,P.a.Geslin,20980,[2],[3],2.5,3.1,False,76.66666666666667
273,1687,VINCENNES, 14h20,10 Fév,36000,2700,13,gauche,8,18,9,Camarade Sympa,A,False,False,False,4D.Thomain,False,[],[],False,23,3,77.0
274,1688,VINCENNES, 14h20,10 Fév,36000,2700,13,gauche,8,18,10,Cocktail Chef,M,4,deferre_anterieurs_posterieurs,J.Vanmeerbeck,U.Nordin,22320,['D'],[9],61,81,2,77.0
275,1689,VINCENNES, 14h20,10 Fév,36000,2700,13,gauche,8,18,11,Casino D'ourvil.,H,4,deferre_posterieurs,CedricTerry,F.Terry,22640,"[6, 8]",[],154,143,False,False
276,1690,VINCENNES, 14h20,10 Fév,36000,2700,13,gauche,8,18,12,Casting De L'au.,A,False,deferre_posterieurs,False,4W.Jehanne,False,[],[],False,50,6,79.5
277,1691,VINCENNES, 14h20,10 Fév,36000,2700,13,gauche,8,18,13,Congo,M,4,False,Y.Lebourgeois,J.w.Hallais,23920,['D'],['D'],11,9.2,False,False
278,1718,VINCENNES, 15h55,10 Fév,50000,2700,14,gauche,8,18,1,Babilouise,F,5,deferre_posterieurs,D.Thomain,F.Giard,61560,"['D', 4]",[],32,83,9,76.0
279,1719,VINCENNES, 15h55,10 Fév,50000,2700,14,gauche,8,18,2,Balantine Max,F,5,deferre_anterieurs_posterieurs,D.Bonne,D.Bonne,62890,"['D', 5]",[],9.6,14,False,False
280,1720,VINCENNES, 15h55,10 Fév,50000,2700,14,gauche,8,18,3,Biennale Vrie,F,5,False,F.Nivard,R.Baudron,63500,"[1, 1]",[],22,14,False,False
281,1721,VINCENNES, 15h55,10 Fév,50000,2700,14,gauche,8,18,4,Belebrine,F,5,deferre_anterieurs_posterieurs,E.Raffin,Y.a.Briand,64450,"['D', 2]",[],6.1,2.9,4,75.5
282,1722,VINCENNES, 15h55,10 Fév,50000,2700,14,gauche,8,18,5,Bombe De Caillo.,F,5,False,J.l.cl.Dersoir,C.Vasii,65270,"[1, 2]",[],11,18,7,75.83333333333333
283,1723,VINCENNES, 15h55,10 Fév,50000,2700,14,gauche,8,18,6,Bastide Vrie,F,5,False,A.Kloess,J.ph.Mary,65760,"[6, 2]",[],45,42,False,False
284,1724,VINCENNES, 15h55,10 Fév,50000,2700,14,gauche,8,18,7,Bella Dolce Ser.,F,5,False,A.Dabouis,Y.Dousset,67000,"[2, 4]",[],21,77,False,False
285,1725,VINCENNES, 15h55,10 Fév,50000,2700,14,gauche,8,18,8,Baraka Gede,F,5,False,M.Abrivard,M.Sassier,69620,"[2, 2]",[],18,14,6,75.5
286,1726,VINCENNES, 15h55,10 Fév,50000,2700,14,gauche,8,18,9,Bambolina,F,5,deferre_anterieurs_posterieurs,A.Lamy,AlainRoussel,69660,[4],[9],43,51,2,75.33333333333333
287,1727,VINCENNES, 15h55,10 Fév,50000,2700,14,gauche,8,18,10,Bright Moon,F,5,False,A.Abrivard,J.ph.Raffegeau,69700,[],"['D', 'D']",6,10,8,76.5
288,1728,VINCENNES, 15h55,10 Fév,50000,2700,14,gauche,8,18,11,Bohemian Rhapso.,F,5,False,Mlle.C.Levesque,Th.Levesque,69850,"[1, 'D']",[],5.3,5,False,75.16666666666667
289,1729,VINCENNES, 15h55,10 Fév,50000,2700,14,gauche,8,18,12,Ballerine Du Rib,F,5,False,A.Collette,JoelHallais,71460,"['D', 3]",[],23,25,1,77.5
290,1730,VINCENNES, 15h55,10 Fév,50000,2700,14,gauche,8,18,13,Brise Des Noels,F,5,deferre_anterieurs_posterieurs,S.e.Pasquier,J.Dubreil,73310,[3],[0],42,63,3,75.5
291,1731,VINCENNES, 15h55,10 Fév,50000,2700,14,gauche,8,18,14,Baika De Chenu,F,5,deferre_anterieurs_posterieurs,M.Mottier,F.Pellerot,74380,"[4, 2]",[],5.2,5.7,5,75.5
292,1882,VINCENNES, 14h20,11 Fév,60000,2175,10,gauche,7,7,1,Ange For Carla,H,6,False,I.Krouchi,F.m.Andrieu,35690,"[0, 'D']",[],72,125,4,77.16666666666667
293,1883,VINCENNES, 14h20,11 Fév,60000,2175,10,gauche,7,7,2,Aulynx D'any,H,6,deferre_anterieurs,N.Pacha,M.Abrivard,83700,"['D', 'D', 'D', 'D']",[],12,10,3,75.5
294,1884,VINCENNES, 14h20,11 Fév,60000,2175,10,gauche,7,7,3,Agami,M,6,False,LeoAbrivard,J.ph.Raffegeau,93990,"[7, 'D']","[9, 8]",20,24,False,False
295,1885,VINCENNES, 14h20,11 Fév,60000,2175,10,gauche,7,7,False,Atout,False,False,False,False,False,False,False,False,False,False,False,False
296,1886,VINCENNES, 14h20,11 Fév,60000,2175,10,gauche,7,7,5,Artist Kelau,H,6,deferre_anterieurs_posterieurs,Th.Dromigny,M.Bouchez,115860,"[2, 1, 2]",[],1.6,1.9,False,False
297,1887,VINCENNES, 14h20,11 Fév,60000,2175,10,gauche,7,7,6,Azur Des Couper.,H,6,deferre_anterieurs_posterieurs,B.Rochard,J.Riallot,118020,[],"[9, 0]",15,18,False,False
298,1888,VINCENNES, 14h20,11 Fév,60000,2175,10,gauche,7,7,7,Accroche Coeur,H,6,deferre_anterieurs_posterieurs,Cl.ch.Vaugrante,AlainRoussel,124810,"[5, 6]",[],45,43,False,False
299,1889,VINCENNES, 14h20,11 Fév,60000,2175,10,gauche,7,7,8,Alto Du Lys,H,6,deferre_anterieurs_posterieurs,J.Balu,J.l.Bigeon,134540,"[1, 2]",[],4,2.5,2,74.83333333333333
300,1890,VINCENNES, 14h20,11 Fév,60000,2175,10,gauche,7,7,9,Ardelot,H,6,deferre_anterieurs_posterieurs,F.Prioul,J.ph.Darondel,145520,"[5, 5, 7]",[],11,14,False,74.33333333333333
301,1891,VINCENNES, 14h20,11 Fév,60000,2175,10,gauche,7,7,10,Aston Fly,M,6,False,K.Gondet,V.Maillard,151360,['D'],[0],154,189,False,False
302,1892,VINCENNES, 15h25,11 Fév,36000,2700,14,gauche,7,7,1,Charmeuse Julry,F,4,deferre_posterieurs,JulienRaffestin,JulienRaffestin,False,[],[],63,88,False,False
303,1893,VINCENNES, 15h25,11 Fév,36000,2700,14,gauche,7,7,2,Chouette Nana,F,4,deferre_anterieurs_posterieurs,P.edouardMary,P.edouardMary,2100,"['D', 9]",[],35,110,4,76.5
304,1894,VINCENNES, 15h25,11 Fév,36000,2700,14,gauche,7,7,3,City D'eronville,F,4,deferre_anterieurs_posterieurs,A.Lamy,Y.Lavigne,3720,[],"['D', 6, 'D', 'D']",24,66,8,80.16666666666667
305,1895,VINCENNES, 15h25,11 Fév,36000,2700,14,gauche,7,7,4,Ceplebane,F,4,deferre_anterieurs_posterieurs,N.Pacha,G.Moinon,6430,"[5, 6]",[],23,27,6,77.83333333333333
306,1896,VINCENNES, 15h25,11 Fév,36000,2700,14,gauche,7,7,5,Cruzing Lady,F,4,deferre_anterieurs_posterieurs,A.Dabouis,Y.Lavigne,7120,[7],"['D', 'A']",80,197,1,82.33333333333333
307,1897,VINCENNES, 15h25,11 Fév,36000,2700,14,gauche,7,7,6,Caline Du Porho.,F,4,False,J.Vanmeerbeck,O.Pantegnies,10350,"[7, 9, 'D']",[],56,171,9,82.16666666666667
308,1898,VINCENNES, 15h25,11 Fév,36000,2700,14,gauche,7,7,7,Chance Du Roumo.,F,4,False,F.Gence,F.Colmont,13870,"['D', 3, 4]",[],43,68,False,False
309,1899,VINCENNES, 15h25,11 Fév,36000,2700,14,gauche,7,7,8,Carole Du Loisir,F,4,deferre_anterieurs,E.Fournigault,G.Fournigault,15340,"[5, 5]",[],21,45,False,False
310,1900,VINCENNES, 15h25,11 Fév,36000,2700,14,gauche,7,7,9,Cenora,F,4,deferre_posterieurs,M.Mottier,D.Mottier,17750,"[2, 'D']",[],4.3,5.3,False,76.0
311,1901,VINCENNES, 15h25,11 Fév,36000,2700,14,gauche,7,7,10,Caresse Du Cebe,F,4,False,D.Laisis,D.Cannillo,22260,"[1, 1]",[],20,14,7,79.0
312,1902,VINCENNES, 15h25,11 Fév,36000,2700,14,gauche,7,7,11,Chipie De Fokis.,F,4,deferre_anterieurs_posterieurs,Y.Lebourgeois,J.m.Legros,23800,"[2, 1]",[],3.4,2.2,5,77.5
313,1903,VINCENNES, 15h25,11 Fév,36000,2700,14,gauche,7,7,12,Ceres D'ortige,F,4,deferre_anterieurs_posterieurs,F.Nivard,F.Leblanc,24350,"[6, 5]",[],7.1,9,False,False
314,1904,VINCENNES, 15h25,11 Fév,36000,2700,14,gauche,7,7,13,Camela Charm,F,4,deferre_posterieurs,E.Raffin,Ph.Moulin,24470,[],"[2, 6]",6.8,7.9,3,76.5
315,1905,VINCENNES, 15h25,11 Fév,36000,2700,14,gauche,7,7,14,Celinia Du Pont,F,4,False,F.Lagadeuc,J.y.Rayon,24750,[2],"[0, 'D']",10,7.5,2,76.16666666666667
316,1921,VINCENNES, 16h30,11 Fév,52000,2700,14,gauche,7,7,1,Vero Des Obeaux,F,7,deferre_anterieurs_posterieurs,F.Desmigneux,R.Haustan,55830,"[0, 'D']",[],49,139,False,False
317,1922,VINCENNES, 16h30,11 Fév,52000,2700,14,gauche,7,7,2,Via Mala,F,7,deferre_posterieurs,Mlle.C.Levesque,B.DeFolleville,89290,[6],[0],23,31,8,76.16666666666667
318,1923,VINCENNES, 16h30,11 Fév,52000,2700,14,gauche,7,7,3,Velocite,F,7,False,Mme.H.Huygens,M.Huygens,90920,[],"[6, 4]",500,118,1,77.33333333333333
319,1924,VINCENNES, 16h30,11 Fév,52000,2700,14,gauche,7,7,4,Vazarka Max,F,7,False,Th.Dromigny,M.Bouchez,101870,[],"[8, 0]",20,38,7,75.83333333333333
320,1925,VINCENNES, 16h30,11 Fév,52000,2700,14,gauche,7,7,5,Victor De Carsi,H,7,False,F.Prioul,L.Laudren,108150,"[3, 1, 3]",[],16,11,False,False
321,1926,VINCENNES, 16h30,11 Fév,52000,2700,14,gauche,7,7,6,Vogue Des Landes,F,7,deferre_anterieurs_posterieurs,Mlle.NoemieHardy,S.Hardy,108290,[5],[6],70,181,6,75.66666666666667
322,1927,VINCENNES, 16h30,11 Fév,52000,2700,14,gauche,7,7,7,Vertumnus,M,7,deferre_anterieurs,A.Dabouis,M.Dabouis,113240,"[0, 'D']",[],42,55,9,76.0
323,1928,VINCENNES, 16h30,11 Fév,52000,2700,14,gauche,7,7,8,Voice Of The An.,F,7,deferre_anterieurs_posterieurs,A.Lamy,B.Marie,123540,"[9, 6]",[],10,22,3,75.16666666666667
324,1929,VINCENNES, 16h30,11 Fév,52000,2700,14,gauche,7,7,9,Viva Haufor,F,7,False,Ch.j.Bigeon,Ch.Bigeon,124460,[2],[4],13,10,False,False
325,1930,VINCENNES, 16h30,11 Fév,52000,2700,14,gauche,7,7,10,Vismutine,F,7,deferre_anterieurs_posterieurs,AurelienDesmarres,G.Lizee,126090,[4],[0],8.3,12,5,75.66666666666667
326,1931,VINCENNES, 16h30,11 Fév,52000,2700,14,gauche,7,7,11,Venus Du Voide,F,7,deferre_posterieurs,M.Abrivard,S.Bourlier,128170,[7],[7],12,19,False,False
327,1932,VINCENNES, 16h30,11 Fév,52000,2700,14,gauche,7,7,12,Val De L'iton,H,7,False,M.Mottier,HughesLevesque,155960,"[1, 'D', 2]",[],2.4,2.2,False,74.66666666666667
328,1933,VINCENNES, 16h30,11 Fév,52000,2700,14,gauche,7,7,13,Visa De La Noem.,M,7,deferre_anterieurs_posterieurs,E.Raffin,Ph.Boutin,158330,[3],[0],7.6,5.5,2,75.16666666666667
329,1934,VINCENNES, 16h30,11 Fév,52000,2700,14,gauche,7,7,14,Valtess,F,7,deferre_anterieurs_posterieurs,D.Thomain,Y.Dreux,158620,"[5, 3, 5]",[],14,9.6,4,75.33333333333333
330,2106,LA CEPIERE., 14h40,12 Fév,19000,2950,19,droite,14,12,1,Apollo Des Barr.,H,6,False,Mlle.B.Bossuet,J.Gougeon,16790,"[7, 6]",[],20,37,1,80.33333333333333
331,2107,LA CEPIERE., 14h40,12 Fév,19000,2950,19,droite,14,12,2,Baba D'aure,H,5,deferre_posterieurs,D.Laisis,G.Bosque,20230,[],"['D', 4]",7.6,17,7,79.5
332,2108,LA CEPIERE., 14h40,12 Fév,19000,2950,19,droite,14,12,3,Arry Bocadence,H,6,False,A.Lamy,B.Marie,21920,['D'],['D'],14,15,False,False
333,2109,LA CEPIERE., 14h40,12 Fév,19000,2950,19,droite,14,12,4,Acala Du Patural,F,6,False,Mlle.E.Lepage,Y.Hurel,22610,"[5, 7]",[0],12,25,False,False
334,2110,LA CEPIERE., 14h40,12 Fév,19000,2950,19,droite,14,12,5,Adalcantara,F,6,False,A.Dabouis,MarcelCormy,23530,"[3, 2]",[],9,5.8,8,79.66666666666667
335,2111,LA CEPIERE., 14h40,12 Fév,19000,2950,19,droite,14,12,6,Velours De Birac,H,7,False,C.Gazengel,J.Poignant,30850,[],"['D', 5]",38,117,False,False
336,2112,LA CEPIERE., 14h40,12 Fév,19000,2950,19,droite,14,12,7,Ascain,H,6,False,M.Cantin,K.Yemeloun,31050,[],"['D', 1]",5.4,4.8,2,78.83333333333333
337,2113,LA CEPIERE., 14h40,12 Fév,19000,2950,19,droite,14,12,8,Art Du Bos,H,6,False,S.Romero,J.a.Eliphe,31690,[],"['D', 7]",51,113,9,79.83333333333333
338,2114,LA CEPIERE., 14h40,12 Fév,19000,2950,19,droite,14,12,9,Aston Dancer,H,6,False,Mlle.C.Saout,J.y.Hurel,40130,"[6, 0, 1]",[],24,12,6,79.0
339,2115,LA CEPIERE., 14h40,12 Fév,19000,2950,19,droite,14,12,10,Victoria Willia.,F,7,deferre_anterieurs_posterieurs,R..LeCreps,R.LeCreps,45260,"[2, 3]",[6],7,4,4,78.0
340,2116,LA CEPIERE., 14h40,12 Fév,19000,2950,19,droite,14,12,11,Virtuose Du Cit.,H,7,False,Mlle.C.Theault,J.Poutrel,54550,[],"[0, 'D']",35,88,False,False
341,2117,LA CEPIERE., 14h40,12 Fév,19000,2950,19,droite,14,12,12,Verite D'aubrac,F,7,False,P.Gesret,J.Conforti,58330,[7],[0],76,54,False,False
342,2118,LA CEPIERE., 14h40,12 Fév,19000,2950,19,droite,14,12,13,Valse Maniste,F,7,deferre_posterieurs,K.Pras,Ch.Carpentier,58710,[5],['D'],6.6,16,1,80.5
343,2119,LA CEPIERE., 14h40,12 Fév,19000,2950,19,droite,14,12,14,Vraiment Majyc,H,7,False,Mlle.S.Treich,J.h.Treich,60090,['D'],"['D', 0]",65,50,3,78.5
344,2120,LA CEPIERE., 14h40,12 Fév,19000,2950,19,droite,14,12,15,Alezan De Fonta.,H,6,False,F.Desmigneux,F.Giard,60480,"['D', 1]",[],6.7,7.4,False,77.5
345,2121,LA CEPIERE., 14h40,12 Fév,19000,2950,19,droite,14,12,16,Velite Du Gouti.,H,7,False,A.Marais,B.Goetz,60650,[],"[9, 0]",153,39,5,79.0
346,2122,LA CEPIERE., 14h40,12 Fév,19000,2950,19,droite,14,12,17,Alto Pierji,H,6,deferre_anterieurs_posterieurs,J.Asselie,B.Vanacker,62480,"['D', 0]",[],65,65,False,False
347,2123,LA CEPIERE., 14h40,12 Fév,19000,2950,19,droite,14,12,False,Vandalon,False,False,False,False,False,False,False,False,False,False,False,False
348,2124,LA CEPIERE., 14h40,12 Fév,19000,2950,19,droite,14,12,False,Vivaldi,False,False,False,False,False,False,False,False,False,False,False,False
349,2195,VINCENNES, 20h00,5 Avr,46000,2850,18,gauche,11,9,1,Vintz Des Agets,H,7,deferre_anterieurs_posterieurs,L.Donati,R.Donati,89910,"[1, 1, 3]",[],10,4.7,False,74.5
350,2196,VINCENNES, 20h00,5 Avr,46000,2850,18,gauche,11,9,2,Ulster Blue,H,8,deferre_posterieurs,M.Mottier,B.Marie,112290,"[3, 'D', 3, 5]",[],9.8,18,2,74.0
351,2197,VINCENNES, 20h00,5 Avr,46000,2850,18,gauche,11,9,3,Visitandine,F,7,False,D.Bonne,D.Bonne,120150,"['D', 5]",[],22,18,False,False
352,2198,VINCENNES, 20h00,5 Avr,46000,2850,18,gauche,11,9,4,Vainqueur D'ech.,H,7,False,A.ph.Grimault,Ch.Boisnard,126540,"[4, 1]","['D', 0]",12,21,6,74.83333333333333
353,2199,VINCENNES, 20h00,5 Avr,46000,2850,18,gauche,11,9,5,Violette De Mone,F,7,False,H.Guerot,F.Constantin,127320,"[1, 2]","[3, 0]",6.7,5.1,3,74.0
354,2200,VINCENNES, 20h00,5 Avr,46000,2850,18,gauche,11,9,6,Tirano,H,9,deferre_anterieurs_posterieurs,Ph.Masschaele,MmeG.Masschaele,130710,[5],"[8, 7]",14,43,False,False
355,2201,VINCENNES, 20h00,5 Avr,46000,2850,18,gauche,11,9,7,Ugolin De Chambe,H,8,False,A.Barrier,H.Combot,132560,"[0, 'D']",[],29,70,1,77.66666666666667
356,2202,VINCENNES, 20h00,5 Avr,46000,2850,18,gauche,11,9,8,Vic De La Loge,H,7,deferre_anterieurs_posterieurs,LeoAbrivard,L.cl.Abrivard,132880,"['D', 3, 1]",['D'],4.9,5.8,7,74.83333333333333
357,2203,VINCENNES, 20h00,5 Avr,46000,2850,18,gauche,11,9,9,Udon De La Fonte,M,8,False,M.Abrivard,P.g.Cavey,137150,"[7, 4]","[3, 0]",45,50,4,74.0
358,2204,VINCENNES, 20h00,5 Avr,46000,2850,18,gauche,11,9,10,Uppercut Du Ban.,H,8,deferre_posterieurs,JulienRaffestin,JulienRaffestin,138390,"[4, 2, 0]",[],21,15,False,False
359,2205,VINCENNES, 20h00,5 Avr,46000,2850,18,gauche,11,9,11,Tessy D'yville,F,9,deferre_anterieurs_posterieurs,F.Nivard,Ph.Ternisien,139330,[],"[6, 'D', 'D', 0]",27,45,False,False
360,2206,VINCENNES, 20h00,5 Avr,46000,2850,18,gauche,11,9,12,Ulysse Du Creuz.,M,8,False,Mlle.AlexianeLep.,Y.Dousset,141370,[7],[0],46,69,False,False
361,2207,VINCENNES, 20h00,5 Avr,46000,2850,18,gauche,11,9,13,Ursus De Fouque,H,8,deferre_anterieurs,GuillaumeMartin,D.Jamard,143470,"[0, 8]",[0],56,74,9,75.66666666666667
362,2208,VINCENNES, 20h00,5 Avr,46000,2850,18,gauche,11,9,14,Taleva Rush,F,9,deferre_anterieurs_posterieurs,N.Pacha,MlleG.Heritier,149800,"[3, 6]","[8, 6]",28,35,False,False
363,2209,VINCENNES, 20h00,5 Avr,46000,2850,18,gauche,11,9,15,Ultra Tivoli,H,8,False,M.Daougabel,B.Marie,150600,"[7, 3, 2, 0]",[],35,63,8,75.16666666666667
364,2210,VINCENNES, 20h00,5 Avr,46000,2850,18,gauche,11,9,16,Uslero D'osny,H,8,deferre_posterieurs,A.Lamy,B.Marie,152305,"[5, 3]","['D', 2]",20,24,False,False
365,2211,VINCENNES, 20h00,5 Avr,46000,2850,18,gauche,11,9,17,Voiseau Smiling,H,7,deferre_anterieurs_posterieurs,F.Gence,B.Deslandes,159090,[0],[0],8.2,5.4,5,74.33333333333333
366,2212,VINCENNES, 20h00,5 Avr,46000,2850,18,gauche,11,9,18,Tizi Ouzou,H,9,deferre_posterieurs,P.y.Verva,G.Curens,161630,[],"[0, 8, 0, 0]",25,87,False,False
367,2256,VINCENNES, 21h53,5 Avr,52000,2200,12,gauche,11,9,1,Alvarado,H,6,deferre_anterieurs,Ph.Masschaele,MmeG.Masschaele,74020,[2],"[8, 6, 0]",51,87,False,False
368,2257,VINCENNES, 21h53,5 Avr,52000,2200,12,gauche,11,9,2,Bella Gede,F,5,deferre_anterieurs_posterieurs,D.Bonne,D.Bonne,87020,['D'],['D'],6.2,4.1,3,73.16666666666667
369,2258,VINCENNES, 21h53,5 Avr,52000,2200,12,gauche,11,9,3,Avenir De Lande.,H,6,False,A.Barrier,E.Varin,94250,"['D', 2, 1]",['D'],15,13,2,73.0
370,2259,VINCENNES, 21h53,5 Avr,52000,2200,12,gauche,11,9,4,Accro Au Rock,H,6,deferre_anterieurs_posterieurs,LeoAbrivard,G.Beaufils,97950,"['D', 9, 'D']",[0],40,50,False,False
371,2260,VINCENNES, 21h53,5 Avr,52000,2200,12,gauche,11,9,5,Altea De Pienco.,F,6,deferre_posterieurs,JulienRaffestin,J.Guelpa,105150,[],"['D', 5, 'D', 'D']",17,13,False,False
372,2261,VINCENNES, 21h53,5 Avr,52000,2200,12,gauche,11,9,6,Atout De Fontai.,H,6,deferre_posterieurs,M.Abrivard,B.Courault,112520,"[7, 2]",[],13,13,4,73.16666666666667
373,2262,VINCENNES, 21h53,5 Avr,52000,2200,12,gauche,11,9,7,Bingo Star,H,5,False,A.Lamy,L.Swita,114290,[],"[9, 0, 9]",142,154,7,76.0
374,2263,VINCENNES, 21h53,5 Avr,52000,2200,12,gauche,11,9,8,Best Perle,F,5,deferre_posterieurs,R.Derieux,R.Derieux,115260,[],"[5, 3, 9, 0]",44,45,8,80.16666666666667
375,2264,VINCENNES, 21h53,5 Avr,52000,2200,12,gauche,11,9,9,Artist Kelau,H,6,deferre_posterieurs,Mlle.C.Leclercq,M.Bouchez,116420,"['D', 7, 'D', 2]",[],27,20,False,False
376,2265,VINCENNES, 21h53,5 Avr,52000,2200,12,gauche,11,9,10,Bariane James,F,5,deferre_posterieurs,F.Nivard,F.Souloy,120650,"[2, 4, 'D']",[],1.7000000000000002,2.1,5,73.83333333333333
377,2266,VINCENNES, 21h53,5 Avr,52000,2200,12,gauche,11,9,11,Akilina Grammont,F,6,deferre_anterieurs_posterieurs,Y.Jublot,F.Leblanc,122920,"[4, 4, 5]",[9],85,51,6,75.33333333333333
378,2267,VINCENNES, 21h53,5 Avr,52000,2200,12,gauche,11,9,12,Ariane D'and,F,6,deferre_posterieurs,Cl.Frecelle,F.Furet,124400,"[4, 3, 1]",[0],6.9,8.6,False,73.5
379,2305,ANGERS, 14h20,6 Avr,20000,3125,15,droite,13,22,False,False,False,False,0.0,False,False,False,False,False,False,False,1,83.0
380,2364,ANGERS, 16h55,6 Avr,24000,3125,14,droite,13,22,1,Tamerlan,H,9,deferre_anterieurs,F.Desmigneux,St.Provoost,168800,['D'],"['D', 'D', 0]",14,54,6,76.83333333333333
381,2365,ANGERS, 16h55,6 Avr,24000,3125,14,droite,13,22,2,Sico Kiki De Ru.,H,10,False,A.Barrier,H.Combot,169540,"[2, 2, 3]",[],8.7,7.8,5,76.66666666666667
382,2366,ANGERS, 16h55,6 Avr,24000,3125,14,droite,13,22,3,Sphinx Tejy,H,10,False,J.Balu,W.Bigeon,171970,"[6, 5]",[],322,83,1,83.16666666666667
383,2367,ANGERS, 16h55,6 Avr,24000,3125,14,droite,13,22,4,Uva Jador,F,8,False,F.Prioul,L.Laudren,185640,"[2, 6]","[5, 0]",20,12,7,77.16666666666667
384,2368,ANGERS, 16h55,6 Avr,24000,3125,14,droite,13,22,5,Sparkler,H,10,False,X.Bonnefoux,Ph.Hue,190180,"['D', 0]",[],322,183,1,78.0
385,2369,ANGERS, 16h55,6 Avr,24000,3125,14,droite,13,22,6,Ulex De Lezigne,H,8,deferre_posterieurs,A.Kloess,Ch.Hamel,196500,"['D', 'D']",[],6.6,7.6,4,76.33333333333333
386,2370,ANGERS, 16h55,6 Avr,24000,3125,14,droite,13,22,7,Tenor Du Corbon,H,9,False,L.Labbe,Ph.Deroyand,200460,[],"[0, 2]",38,96,1,78.5
387,2371,ANGERS, 16h55,6 Avr,24000,3125,14,droite,13,22,8,Varum Boy,M,7,False,A.ph.Grimault,Y.Dreux,201970,"[2, 'D']",[],48,90,9,77.5
388,2372,ANGERS, 16h55,6 Avr,24000,3125,14,droite,13,22,9,And Gibus,H,6,False,Th.Dromigny,G.Delacour,213220,"[4, 1, 6, 8]",[],4.7,8.5,3,76.0
389,2373,ANGERS, 16h55,6 Avr,24000,3125,14,droite,13,22,10,Orione Spin,H,8,deferre_posterieurs,A.Wiels,L.Kolgjini,215065,"[1, 2, 4]",[6],6.5,4.9,False,76.0
390,2374,ANGERS, 16h55,6 Avr,24000,3125,14,droite,13,22,11,Ucciani,H,8,False,Ch.j.Bigeon,Ch.Bigeon,216490,"[7, 3, 9]",[8],12,24,1,81.66666666666667
391,2375,ANGERS, 16h55,6 Avr,24000,3125,14,droite,13,22,12,The Tiger,H,9,deferre_anterieurs_posterieurs,LeoAbrivard,B.Goetz,226570,[3],[0],3.8,2.7,2,76.0
392,2376,ANGERS, 16h55,6 Avr,24000,3125,14,droite,13,22,13,Tomik A La Bruy.,H,9,False,M.Kondritz,E.m.Fournier,230780,"[0, 'D']",[],322,231,1,77.33333333333333
393,2377,ANGERS, 16h55,6 Avr,24000,3125,14,droite,13,22,14,Vermeer Jarzeen,H,7,False,M.Abrivard,J.Warin,238710,"[0, 4, 5, 9]",[],21,16,8,77.33333333333333
394,2455,ENGHIEN, 19h20,13 Oct,47000,2875,11,gauche,10,12,1,Bettina Du Chan.,F,5,False,Mlle.A.Brouel,A.Lebourgeois,30180,[7],"[6, 'D', 'D']",84,187,6,78.5
395,2456,ENGHIEN, 19h20,13 Oct,47000,2875,11,gauche,10,12,2,Brume De Memart.,F,5,deferre_anterieurs_posterieurs,P.ph.Ploquin,H.Gilles,54740,"['D', 2, 6, 'D']",[],10,16,False,False
396,2457,ENGHIEN, 19h20,13 Oct,47000,2875,11,gauche,10,12,3,Biroska,F,5,deferre_posterieurs,E.Raffin,AlainRoussel,67530,"[3, 'D']","[5, 8]",15,18,3,76.33333333333333
397,2458,ENGHIEN, 19h20,13 Oct,47000,2875,11,gauche,10,12,4,Buhaize,F,5,deferre_anterieurs_posterieurs,Y.Lebourgeois,G.Gillot,74220,"[5, 4, 2, 1]",[],3.5,5.2,2,76.16666666666667
398,2459,ENGHIEN, 19h20,13 Oct,47000,2875,11,gauche,10,12,5,Selva Jet,F,5,deferre_anterieurs_posterieurs,F.Desmigneux,V.Lacroix,78395,"[5, 5]","[8, 0]",67,58,5,76.0
399,2460,ENGHIEN, 19h20,13 Oct,47000,2875,11,gauche,10,12,6,Pippa Barosso,F,5,deferre_anterieurs_posterieurs,LeoAbrivard,F.Souloy,80580,[],"[0, 8, 4, 5]",31,27,False,False
400,2461,ENGHIEN, 19h20,13 Oct,47000,2875,11,gauche,10,12,7,Brise Des Noels,F,5,deferre_anterieurs_posterieurs,S.e.Pasquier,J.Dubreil,80960,"[8, 7]","[0, 0]",30,62,False,False
401,2462,ENGHIEN, 19h20,13 Oct,47000,2875,11,gauche,10,12,8,Ballerine Du Co.,F,5,deferre_anterieurs,A.Abrivard,L.cl.Abrivard,81130,"[1, 'D', 'D']",['R'],5.6,4.3,False,76.0
402,2463,ENGHIEN, 19h20,13 Oct,47000,2875,11,gauche,10,12,9,Belina Des Agos,F,5,False,Th.Dromigny,V.Lacroix,82190,"['D', 4, 1]",['D'],24,27,False,False
403,2464,ENGHIEN, 19h20,13 Oct,47000,2875,11,gauche,10,12,10,Beltis D'occagn.,F,5,False,F.Nivard,F.Nivard,85140,"[1, 2, 1]",[8],2.7,2.1,4,76.33333333333333
404,2465,ENGHIEN, 19h20,13 Oct,47000,2875,11,gauche,10,12,11,Become A Star,F,5,deferre_posterieurs,GuillaumeMartin,J.Niskanen,89940,[],"[6, 'D', 6, 4]",26,17,7,82.33333333333333
405,2477,ENGHIEN, 20h20,13 Oct,39000,2875,12,gauche,10,12,1,Corail De Morga.,H,4,deferre_anterieurs_posterieurs,LeoAbrivard,Ph.Bengala,29800,"[3, 3, 7, 5]",[],8.7,7.3,3,76.33333333333333
406,2478,ENGHIEN, 20h20,13 Oct,39000,2875,12,gauche,10,12,2,Cassio Buissonay,H,4,False,P.Houel,G.Houel,30670,"['D', 'D', 4, 7]",[],22,35,False,False
407,2479,ENGHIEN, 20h20,13 Oct,39000,2875,12,gauche,10,12,False,Chakalakaboumboum,False,False,False,False,False,False,False,False,False,False,False,False
408,2480,ENGHIEN, 20h20,13 Oct,39000,2875,12,gauche,10,12,4,Crack De Corveil,M,4,False,F.Nivard,D.Cherbonnel,32510,"[1, 3, 2, 2]",[],6.2,4,7,78.5
409,2481,ENGHIEN, 20h20,13 Oct,39000,2875,12,gauche,10,12,5,Castel Du Sud,H,4,deferre_anterieurs_posterieurs,A.Abrivard,S.Deshaies,34810,[2],"[4, 2, 2]",8.5,7.8,False,76.16666666666667
410,2482,ENGHIEN, 20h20,13 Oct,39000,2875,12,gauche,10,12,6,Colonel Picci,H,4,deferre_posterieurs,GuillaumeMartin,Ph.Bengala,36100,[],"['D', 4, 1, 'D']",15,24,False,False
411,2483,ENGHIEN, 20h20,13 Oct,39000,2875,12,gauche,10,12,7,Chili Dairpet,H,4,deferre_posterieurs,P.ph.Ploquin,E.Varin,36540,"[1, 'D', 'D', 'D']",[],12,14,5,76.83333333333333
412,2484,ENGHIEN, 20h20,13 Oct,39000,2875,12,gauche,10,12,8,Colibri Des Pins,H,4,False,Y.Lebourgeois,Ch.Nicole,37200,[],"[9, 8, 0, 2]",11,23,False,False
413,2485,ENGHIEN, 20h20,13 Oct,39000,2875,12,gauche,10,12,9,Cyrus Du Pommer.,H,4,deferre_anterieurs_posterieurs,E.Raffin,S.Roger,37580,[3],"[0, 'D', 6]",4.5,3.2,4,76.5
414,2486,ENGHIEN, 20h20,13 Oct,39000,2875,12,gauche,10,12,10,Cyriac D'alci,H,4,deferre_anterieurs_posterieurs,P.y.Verva,F.Criado,38590,"['D', 4, 3, 3]",[],8.4,11,False,False
415,2487,ENGHIEN, 20h20,13 Oct,39000,2875,12,gauche,10,12,11,Celebre De Foot,M,4,False,J.Vanmeerbeck,P.Hawas,39210,"[6, 6]","[7, 9]",13,28,2,76.0
416,2488,ENGHIEN, 20h20,13 Oct,39000,2875,12,gauche,10,12,12,Cotton Club,H,4,deferre_posterieurs,ChristopherCorbi.,A.Cottard,39350,"[3, 8]","['D', 'D']",12,24,6,77.16666666666667
417,2615,LES SABLES., 21h00,13 Oct,25000,2775,15,gauche,9,16,1,Vilhena Vro,F,7,False,False,R.Metayer,137380,"['D', 3, 0, 5]",[],14,21,8,77.33333333333333
418,2616,LES SABLES., 21h00,13 Oct,25000,2775,15,gauche,9,16,2,Vicomte D'havane,H,7,deferre_anterieurs,A.Lamy,B.Marie,141870,"[9, 'D', 'D', 3]",[],13,13,False,76.5
419,2617,LES SABLES., 21h00,13 Oct,25000,2775,15,gauche,9,16,3,Vontishor,H,7,False,A.Voisin,Ch.Desmottes,146125,"[0, 9]","[9, 0]",42,105,1,78.16666666666667
420,2618,LES SABLES., 21h00,13 Oct,25000,2775,15,gauche,9,16,4,Uranus Gede,H,8,deferre_anterieurs_posterieurs,S.d.Jardin,A.Pejus,146710,[],"[4, 4, 1, 4]",15,16,6,76.5
421,2619,LES SABLES., 21h00,13 Oct,25000,2775,15,gauche,9,16,5,Trophee De L'od.,H,9,False,G.Guilbert,L.Odeon,151630,"[1, 7, 3]",[0],8.4,21,1,78.16666666666667
422,2620,LES SABLES., 21h00,13 Oct,25000,2775,15,gauche,9,16,6,Tsar De L'esque,H,9,deferre_anterieurs_posterieurs,Mlle.L.Drapier,D.Marsault,151710,[6],"[0, 9, 0]",11,22,3,76.16666666666667
423,2621,LES SABLES., 21h00,13 Oct,25000,2775,15,gauche,9,16,7,Toscan Des Loya.,H,9,deferre_anterieurs_posterieurs,A.Dabouis,M.Dabouis,152000,"[3, 3]","['D', 8]",14,11,5,76.33333333333333
424,2622,LES SABLES., 21h00,13 Oct,25000,2775,15,gauche,9,16,False,Vocean,False,False,False,False,False,False,False,False,False,False,False,False
425,2623,LES SABLES., 21h00,13 Oct,25000,2775,15,gauche,9,16,9,Topo Du Moulinet,H,9,False,M.Pean,V.Raimbault,154310,[0],"[7, 'D', 0]",107,189,9,77.33333333333333
426,2624,LES SABLES., 21h00,13 Oct,25000,2775,15,gauche,9,16,10,Vainqueur D'ech.,H,7,False,M.Abrivard,Ch.Boisnard,158080,"[0, 5, 5]",[0],10,13,1,77.83333333333333
427,2625,LES SABLES., 21h00,13 Oct,25000,2775,15,gauche,9,16,11,Uzbek De Janeiro,H,8,False,Mlle.A.Barthelemy,C.Tiger,158310,"[6, 2, 2, 2]",[],9.8,6,7,76.83333333333333
428,2626,LES SABLES., 21h00,13 Oct,25000,2775,15,gauche,9,16,12,Tempete Eternel.,F,9,deferre_anterieurs_posterieurs,Mlle.M.Grolier,A.Lebourgeois,158510,"[0, 9, 6, 4]",[],29,39,1,77.83333333333333
429,2627,LES SABLES., 21h00,13 Oct,25000,2775,15,gauche,9,16,13,Venquero Phedo,H,7,False,O.Touvais,P.Touvais,158565,[],"['D', 8, 8, 6]",17,15,2,76.16666666666667
430,2628,LES SABLES., 21h00,13 Oct,25000,2775,15,gauche,9,16,14,Tiburce De Leau,H,9,deferre_posterieurs,J.y.Ricart,P.Compas,161090,"[2, 4, 3]",['D'],8.7,6,4,76.33333333333333
431,2629,LES SABLES., 21h00,13 Oct,25000,2775,15,gauche,9,16,15,Arpege De Camar.,H,6,deferre_anterieurs_posterieurs,A.Barrier,J.m.Baudouin,162730,"[8, 5]","[0, 2]",4.2,3.4,False,False
432,2630,VINCENNES, 14h20,7 Nov,120000,2175,13,gauche,6,11,1,Valse De Reve,F,7,deferre_anterieurs_posterieurs,Mlle.C.Levesque,AlainRoussel,421470,"[6, 2, 4, 2]",[],36,39,7,73.16666666666667
433,2631,VINCENNES, 14h20,7 Nov,120000,2175,13,gauche,6,11,2,Sydney Du Rib,H,10,deferre_posterieurs,P.y.Verva,A.RipollRigo,429600,"[2, 3, 1]",[0],24,39,8,73.5
434,2632,VINCENNES, 14h20,7 Nov,120000,2175,13,gauche,6,11,3,Ugo On Wood,H,8,deferre_anterieurs_posterieurs,LeoAbrivard,L.cl.Abrivard,430290,"[5, 7]","[0, 0]",99,31,3,73.33333333333333
435,2633,VINCENNES, 14h20,7 Nov,120000,2175,13,gauche,6,11,4,Safari Dream,H,10,deferre_anterieurs_posterieurs,GuillaumeMartin,L.Peschet,481365,"[1, 6, 7, 5]",[],26,17,5,73.33333333333333
436,2634,VINCENNES, 14h20,7 Nov,120000,2175,13,gauche,6,11,5,Attentionally,F,6,deferre_anterieurs_posterieurs,D.Thomain,P.Viel,626030,"[1, 'D', 9, 2]",[],7.3,5.5,4,73.33333333333333
437,2635,VINCENNES, 14h20,7 Nov,120000,2175,13,gauche,6,11,6,Torre Crepin,H,9,deferre_posterieurs,Y.Lebourgeois,B.Marie,653140,"['D', 6, 4, 'D']",[],45,84,False,False
438,2636,VINCENNES, 14h20,7 Nov,120000,2175,13,gauche,6,11,7,Vagabondu Mag,H,7,deferre_anterieurs_posterieurs,D.Bonne,B.Bourgoin,657550,"[8, 5, 5]",[0],54,91,False,False
439,2637,VINCENNES, 14h20,7 Nov,120000,2175,13,gauche,6,11,8,Athena De Vandel,F,6,False,J.l.cl.Dersoir,C.Megissier,664750,"['D', 4]","[8, 7]",28,21,9,74.0
440,2638,VINCENNES, 14h20,7 Nov,120000,2175,13,gauche,6,11,9,Tornade Du Dige.,F,9,deferre_anterieurs_posterieurs,E.Raffin,J.m.Bazire,757020,[4],"[0, 0, 0]",9.8,14,2,73.33333333333333
441,2639,VINCENNES, 14h20,7 Nov,120000,2175,13,gauche,6,11,10,Texas De L'iton,H,9,deferre_anterieurs_posterieurs,M.Mottier,HughesLevesque,832670,"[5, 4, 2]",[9],22,19,6,73.5
442,2640,VINCENNES, 14h20,7 Nov,120000,2175,13,gauche,6,11,11,Nene' Degli Uli.,H,9,deferre_anterieurs_posterieurs,A.Barrier,V.Lacroix,854686,"[5, 3, 6, 7]",[],9.2,8.9,False,False
443,2641,VINCENNES, 14h20,7 Nov,120000,2175,13,gauche,6,11,12,Astor Du Quenne,M,6,False,A.Lamy,S.Guarato,1072,"[6, 1, 6]",[7],17,34,1,74.16666666666667
444,2642,VINCENNES, 14h20,7 Nov,120000,2175,13,gauche,6,11,13,Scarlet Turgot,F,10,deferre_anterieurs_posterieurs,A.Abrivard,Y.a.Briand,1322,"[3, 2, 2]",[2],1.9,1.9,False,73.0
445,2680,VINCENNES, 16h55,7 Nov,50000,2200,10,gauche,6,11,1,Cale Des Malber.,F,4,deferre_anterieurs_posterieurs,Y.Lebourgeois,Y.Lebourgeois,49860,"[1, 2, 2, 1]",[],2.6,2.8,2,74.33333333333333
446,2681,VINCENNES, 16h55,7 Nov,50000,2200,10,gauche,6,11,2,Castille,F,4,deferre_anterieurs_posterieurs,M.Abrivard,J.Bruneau,51105,[6],"['D', 4, 0]",20,45,3,75.16666666666667
447,2682,VINCENNES, 16h55,7 Nov,50000,2200,10,gauche,6,11,3,Chimene D'urfist,F,4,deferre_anterieurs_posterieurs,M.Mottier,F.Leblanc,53410,"[4, 1, 2, 6]",[],13,10,False,74.0
448,2683,VINCENNES, 16h55,7 Nov,50000,2200,10,gauche,6,11,4,Canine Jones,F,4,deferre_anterieurs_posterieurs,F.Nivard,F.Leblanc,55150,"[5, 1, 2]",[3],10,9.1,4,76.0
449,2684,VINCENNES, 16h55,7 Nov,50000,2200,10,gauche,6,11,5,Casbah Wood,F,4,deferre_posterieurs,JulienRaffestin,K.Hawas,59100,[],"[6, 7, 0, 5]",31,55,6,76.33333333333333
450,2685,VINCENNES, 16h55,7 Nov,50000,2200,10,gauche,6,11,6,Courageuse,F,4,deferre_posterieurs,A.Lamy,P.Belloche,63250,"[3, 'D']","[1, 0]",16,24,False,False
451,2686,VINCENNES, 16h55,7 Nov,50000,2200,10,gauche,6,11,7,Charmeuse De Si.,F,4,False,D.Bonne,L.Baudron,65560,[6],"[9, 0]",4.8,5,8,77.5
452,2687,VINCENNES, 16h55,7 Nov,50000,2200,10,gauche,6,11,8,Corona Gede,F,4,deferre_anterieurs_posterieurs,A.Abrivard,T.LeBeller,67010,"['D', 1, 1, 1]",[],6,3.8,False,False
453,2688,VINCENNES, 16h55,7 Nov,50000,2200,10,gauche,6,11,9,City Star,F,4,deferre_anterieurs_posterieurs,A.Barrier,L.Roelens,68680,[],"[0, 8, 2, 3]",28,70,7,76.0
454,2689,VINCENNES, 16h55,7 Nov,50000,2200,10,gauche,6,11,10,Carmensita De L.,F,4,deferre_anterieurs_posterieurs,LeoAbrivard,L.cl.Abrivard,73890,"[4, 'D', 'D']",[9],17,20,5,76.16666666666667
455,2895,VINCENNES, 20h33,8 Nov,55000,2200,11,gauche,6,9,1,Victory D'harco.,F,7,deferre_anterieurs_posterieurs,Cl.ch.Vaugrante,J.VanEeckhaute,136680,[],"[7, 6, 7, 0]",98,86,False,False
456,2896,VINCENNES, 20h33,8 Nov,55000,2200,11,gauche,6,9,2,Andalousie,F,6,deferre_anterieurs_posterieurs,N.Pacha,J.Bruneau,148260,[7],"[0, 7, 6]",14,18,6,76.0
457,2897,VINCENNES, 20h33,8 Nov,55000,2200,11,gauche,6,9,3,Ariane D'and,F,6,False,M.Pean,F.Furet,151020,"[5, 6]","[8, 0]",6.2,6.6,4,75.16666666666667
458,2898,VINCENNES, 20h33,8 Nov,55000,2200,11,gauche,6,9,4,Vilhisvinta,F,7,deferre_posterieurs,Mlle.S.Cortial,L.Lerenard,166420,[],"['D', 7, 1, 2]",16,17,False,False
459,2899,VINCENNES, 20h33,8 Nov,55000,2200,11,gauche,6,9,5,Vamp Gede,F,7,False,S.d.Jardin,A.Pillon,174980,"[8, 1, 'D']",[0],13,12,7,78.66666666666667
460,2900,VINCENNES, 20h33,8 Nov,55000,2200,11,gauche,6,9,6,Valtess,F,7,deferre_anterieurs_posterieurs,Mlle.MarieBazire,Y.Dreux,175080,"['D', 'A', 3, 9]",[],26,19,5,75.83333333333333
461,2901,VINCENNES, 20h33,8 Nov,55000,2200,11,gauche,6,9,7,Annees Folles,F,6,deferre_anterieurs_posterieurs,Mlle.AudreyLaroc.,M.Bezier,195140,"[2, 3, 1]",[0],2.4,2.9,2,74.0
462,2902,VINCENNES, 20h33,8 Nov,55000,2200,11,gauche,6,9,8,Alexia Du Cheri.,F,6,False,Ch.Mottier,D.Delaroche,196050,"[0, 'D']","[8, 0]",41,62,3,75.5
463,2903,VINCENNES, 20h33,8 Nov,55000,2200,11,gauche,6,9,9,Ukita Barbes,F,8,deferre_anterieurs_posterieurs,A.Angot,B.Angot,204220,"[9, 0, 9]",[7],73,61,False,False
464,2904,VINCENNES, 20h33,8 Nov,55000,2200,11,gauche,6,9,10,Vishkaya De Gru.,F,7,deferre_anterieurs_posterieurs,M.Kondritz,R.Westerink,208220,"[9, 'D', 2, 8]",[],11,13,False,False
465,2905,VINCENNES, 20h33,8 Nov,55000,2200,11,gauche,6,9,11,Aurea Vikland,F,6,deferre_anterieurs_posterieurs,B.Rochard,G.Moinon,219430,"[7, 5, 9]",[0],5,3.2,False,74.5
466,2950,VINCENNES, 22h21,8 Nov,34000,2850,13,gauche,6,9,1,Duc Du Quenne,M,3,False,M.Abrivard,S.Guarato,False,[],[],9.4,5.4,False,77.5
467,2951,VINCENNES, 22h21,8 Nov,34000,2850,13,gauche,6,9,False,Destin,False,False,False,False,False,False,False,False,False,False,False,False
468,2952,VINCENNES, 22h21,8 Nov,34000,2850,13,gauche,6,9,3,Danseur Gavrais,M,3,False,P.edouardMary,J.f.Mary,False,[],"['D', 'D', 7]",56,59,6,80.16666666666667
469,2953,VINCENNES, 22h21,8 Nov,34000,2850,13,gauche,6,9,False,Demon,False,False,False,False,False,False,False,False,False,False,False,False
470,2954,VINCENNES, 22h21,8 Nov,34000,2850,13,gauche,6,9,5,Dis Nous Tout,H,3,False,JulienRaffestin,D.Brohier,1150,[],['D'],13,18,False,False
471,2955,VINCENNES, 22h21,8 Nov,34000,2850,13,gauche,6,9,6,Douchko Sport,H,3,False,F.Picot,F.Picot,1810,[],"[0, 9, 'R', 8]",66,109,7,87.16666666666667
472,2956,VINCENNES, 22h21,8 Nov,34000,2850,13,gauche,6,9,7,Damiano Bello,M,3,False,A.Abrivard,L.cl.Abrivard,7340,"[7, 1, 'D']",[],7.8,5,False,False
473,2957,VINCENNES, 22h21,8 Nov,34000,2850,13,gauche,6,9,8,Defi De Kacy,M,3,False,GuillaumeMartin,R.Kuiper,8020,"['D', 3, 'D', 4]",[],24,19,4,79.16666666666667
474,2958,VINCENNES, 22h21,8 Nov,34000,2850,13,gauche,6,9,9,Duc De Porhlegal,H,3,False,M.Barre,F.Combot,13320,"[6, 4, 5, 4]",[],38,44,3,78.83333333333333
475,2959,VINCENNES, 22h21,8 Nov,34000,2850,13,gauche,6,9,False,Djoko,False,False,False,False,False,False,False,False,False,False,False,False
476,2960,VINCENNES, 22h21,8 Nov,34000,2850,13,gauche,6,9,11,Dream De La Loge,H,3,False,LeoAbrivard,L.cl.Abrivard,14520,"[4, 6, 'D']",[6],9.3,6.2,5,80.16666666666667
477,2961,VINCENNES, 22h21,8 Nov,34000,2850,13,gauche,6,9,12,Dreamer Boy,M,3,False,E.Raffin,Y.Dreux,15440,[],"[1, 1, 2, 4]",4.2,2.4,False,False
478,2962,VINCENNES, 22h21,8 Nov,34000,2850,13,gauche,6,9,13,D'artagnan Du P.,M,3,False,J.Vanmeerbeck,J.y.Rayon,15450,"[5, 2, 6]",[8],13,9.7,2,78.16666666666667
479,2973,VINCENNES, 23h10,8 Nov,37000,2850,9,gauche,6,9,1,Divine Haufor,F,3,False,N.Pacha,E.Varin,1520,['D'],"[9, 'D', 3]",34,75,8,82.33333333333333
480,2974,VINCENNES, 23h10,8 Nov,37000,2850,9,gauche,6,9,2,Dreadlocks,F,3,False,A.Lamy,B.Marie,21810,"[3, 2, 'D', 'D']",[],7.7,17,6,78.5
481,2975,VINCENNES, 23h10,8 Nov,37000,2850,9,gauche,6,9,3,Darine De La Pr.,F,3,False,E.Raffin,B.Robin,30370,[5],"[7, 'D', 9]",18,16,7,78.5
482,2976,VINCENNES, 23h10,8 Nov,37000,2850,9,gauche,6,9,4,Dedicate Of Cit.,F,3,False,LeoAbrivard,L.cl.Abrivard,30410,"[1, 2, 2]",['D'],3.8,2.6,False,76.33333333333333
483,2977,VINCENNES, 23h10,8 Nov,37000,2850,9,gauche,6,9,5,Dragee Du Lys,F,3,False,B.Rochard,P.Kloess,32310,"['D', 2, 7, 2]",[],11,22,False,False
484,2978,VINCENNES, 23h10,8 Nov,37000,2850,9,gauche,6,9,6,Douchka Turgot,F,3,False,Y.Lebourgeois,P.Belloche,34980,[],"[6, 2, 1, 8]",5.9,6.8,3,77.16666666666667
485,2979,VINCENNES, 23h10,8 Nov,37000,2850,9,gauche,6,9,7,Daily Up,F,3,False,M.Mottier,R.ch.Larue,37010,"[5, 8, 3, 2]",[],5.9,5.7,2,76.5
486,2980,VINCENNES, 23h10,8 Nov,37000,2850,9,gauche,6,9,8,Doyolsa De Chenu,F,3,False,Mlle.A.Barthelemy,S.Brouard,37420,"[7, 5]","[0, 'D']",12,18,5,78.0
487,2981,VINCENNES, 23h10,8 Nov,37000,2850,9,gauche,6,9,9,Destination Rio,F,3,False,F.Lagadeuc,J.m.Baudouin,37940,[],"[0, 'D', 3, 1]",5.5,4.4,4,78.0
488,2983,VINCENNES, 14h21,27 Déc,54000,2175,10,gauche,9,3,False,Charmeuse,False,False,False,False,False,False,False,False,False,False,False,False
489,2984,VINCENNES, 14h21,27 Déc,54000,2175,10,gauche,9,3,2,Clef De Fa,F,4,False,M.Abrivard,M.Abrivard,70010,[],"['D', 4, 4, 1]",20,21,6,75.5
490,2985,VINCENNES, 14h21,27 Déc,54000,2175,10,gauche,9,3,3,Charmeuse Du Co.,F,4,deferre_anterieurs_posterieurs,B.Rochard,Th.Duvaldestin,72180,"[2, 3, 8]",['D'],7.9,13,5,74.16666666666667
491,2986,VINCENNES, 14h21,27 Déc,54000,2175,10,gauche,9,3,4,Caline De Faco,F,4,False,JulienRaffestin,P.Daulier,72190,"[4, 'D', 0, 'D']",[],42,119,False,False
492,2987,VINCENNES, 14h21,27 Déc,54000,2175,10,gauche,9,3,5,Chimene D'urfist,F,4,deferre_anterieurs_posterieurs,M.Mottier,F.Leblanc,75910,"['D', 1, 4, 1]",[],5.7,5.4,2,73.66666666666667
493,2988,VINCENNES, 14h21,27 Déc,54000,2175,10,gauche,9,3,6,Carmensita De L.,F,4,deferre_anterieurs_posterieurs,LeoAbrivard,L.cl.Abrivard,76390,"[0, 5, 4]",['D'],83,71,7,77.0
494,2989,VINCENNES, 14h21,27 Déc,54000,2175,10,gauche,9,3,7,Corona De Joudes,F,4,deferre_anterieurs_posterieurs,D.Thomain,Th.Duvaldestin,81340,"[1, 1]","[0, 7]",2.4,2,False,73.5
495,2990,VINCENNES, 14h21,27 Déc,54000,2175,10,gauche,9,3,8,Cahora Fonciere,F,4,deferre_anterieurs_posterieurs,M.Daougabel,B.Marie,84370,"[3, 'D']","['D', 9]",20,36,3,73.83333333333333
496,2991,VINCENNES, 14h21,27 Déc,54000,2175,10,gauche,9,3,9,Ceres D'ortige,F,4,deferre_anterieurs_posterieurs,A.Abrivard,F.Leblanc,85270,"['D', 'D', 1, 1]",[],8.3,10,False,False
497,2992,VINCENNES, 14h21,27 Déc,54000,2175,10,gauche,9,3,10,Cale Des Malber.,F,4,deferre_anterieurs_posterieurs,Y.Lebourgeois,Y.Lebourgeois,85760,"[1, 2, 1, 2]",[],6.3,4.5,4,73.83333333333333
498,3006,VINCENNES, 15h24,27 Déc,37000,2700,16,gauche,9,3,1,Du Courtille,M,3,False,D.Thomain,J.p.Thomain,25350,"[1, 'D']","[7, 'D']",5.2,4.1,False,76.16666666666667
499,3007,VINCENNES, 15h24,27 Déc,37000,2700,16,gauche,9,3,2,D'artagnan Du P.,M,3,False,J.Vanmeerbeck,J.y.Rayon,25750,"[5, 2, 5]",[0],33,78,9,77.5
500,3008,VINCENNES, 15h24,27 Déc,37000,2700,16,gauche,9,3,3,Dusty Wood,M,3,False,E.Raffin,L.Baudron,26350,[],"[9, 'D', 'D', 0]",6.2,4.9,False,False
501,3009,VINCENNES, 15h24,27 Déc,37000,2700,16,gauche,9,3,4,Dakar Du Rib,H,3,False,A.Collette,JoelHallais,27280,"[1, 1, 2, 3]",[],8.1,8.9,8,77.5
502,3010,VINCENNES, 15h24,27 Déc,37000,2700,16,gauche,9,3,5,Diamant De Trea.,H,3,False,F.Gence,P.Monthule,27740,"['D', 3, 2, 3]",[],34,60,4,77.0
503,3011,VINCENNES, 15h24,27 Déc,37000,2700,16,gauche,9,3,6,Dancer,H,3,False,V.Saussaye,A.DeJesus,28240,"[3, 3, 4, 1]",[],46,36,False,False
504,3012,VINCENNES, 15h24,27 Déc,37000,2700,16,gauche,9,3,7,Drole De Tartif.,H,3,False,J.Matignon,N.Langlois,28540,[],"[3, 1, 5, 5]",42,84,False,False
505,3013,VINCENNES, 15h24,27 Déc,37000,2700,16,gauche,9,3,8,Duc Gibus,M,3,False,Mlle.C.Cheradame,B.Lefevre,32240,"[2, 4, 'D']",['D'],19,21,5,77.16666666666667
506,3014,VINCENNES, 15h24,27 Déc,37000,2700,16,gauche,9,3,False,Destin,False,False,False,False,False,False,False,False,False,False,False,False
507,3015,VINCENNES, 15h24,27 Déc,37000,2700,16,gauche,9,3,10,Daniel Bon,H,3,False,M.Mottier,ArnaudDesmottes,34120,"[1, 3]","['D', 4]",10,9.2,2,76.33333333333333
508,3016,VINCENNES, 15h24,27 Déc,37000,2700,16,gauche,9,3,11,Defi Des Pistes,H,3,False,A.Lamy,G.Moinon,34150,[3],"[8, 7, 5]",47,48,3,77.0
509,3017,VINCENNES, 15h24,27 Déc,37000,2700,16,gauche,9,3,12,Dirty Loving,H,3,False,F.Joseph,C.Tiger,35350,[],"[3, 2, 9, 'D']",12,25,False,False
510,3018,VINCENNES, 15h24,27 Déc,37000,2700,16,gauche,9,3,13,Dream Cash,H,3,False,J.y.Ricart,J.m.Bazire,36080,[],"[3, 2, 5, 3]",7.7,8.2,7,77.33333333333333
511,3019,VINCENNES, 15h24,27 Déc,37000,2700,16,gauche,9,3,14,Domino Du Bon A.,H,3,False,P.edouardMary,R.ch.Larue,36900,"['D', 3, 7, 1]",[],19,22,False,False
512,3020,VINCENNES, 15h24,27 Déc,37000,2700,16,gauche,9,3,15,Dzeus Saint Alf.,H,3,False,J..DaVeiga,P.Labrousse,37170,"['D', 'D', 'D', 4]",[],12,12,False,False
513,3021,VINCENNES, 15h24,27 Déc,37000,2700,16,gauche,9,3,16,Diner A La Grave,M,3,False,M.Abrivard,N.Langlois,37600,"[2, 1]","['D', 9]",12,13,6,77.33333333333333
514,3222,CABOURG, 18h45,28 Déc,19000,2850,18,droite,5,14,1,Deesse Danover,F,3,False,P.ch.Jean,St.Provoost,False,[],[],32,12,False,False
515,3223,CABOURG, 18h45,28 Déc,19000,2850,18,droite,5,14,2,Diana De Bellan.,A,False,False,False,3D.Dulong,False,[],[],False,71,False,False
516,3224,CABOURG, 18h45,28 Déc,19000,2850,18,droite,5,14,3,Darling Des Dou.,F,3,False,Mlle.M.Grolier,G.Mesnage,False,[],[],38,121,False,False
517,3225,CABOURG, 18h45,28 Déc,19000,2850,18,droite,5,14,4,Demo De La Vall.,F,3,False,M.Yvon,D.Thorel,False,['D'],"['D', 'D', 'D']",99,72,5,79.16666666666667
518,3226,CABOURG, 18h45,28 Déc,19000,2850,18,droite,5,14,5,Dominante D'echo,F,3,False,False,G.Beaufils,False,[],"[9, 'D']",27,113,9,80.5
519,3227,CABOURG, 18h45,28 Déc,19000,2850,18,droite,5,14,6,Daisy Montaval,F,3,False,V.Seguin,F.Lercier,False,[],"['D', 'D', 6, 9]",46,56,False,False
520,3228,CABOURG, 18h45,28 Déc,19000,2850,18,droite,5,14,7,Duchesse Du Parc,F,3,False,H.Guerot,J.m.Godard,False,"['D', 'D', 7]",[],68,84,3,78.16666666666667
521,3229,CABOURG, 18h45,28 Déc,19000,2850,18,droite,5,14,8,Dladys De Lande.,F,3,False,CedricTerry,F.Terry,False,[],['D'],23,53,False,False
522,3230,CABOURG, 18h45,28 Déc,19000,2850,18,droite,5,14,9,Diva Des Mulott.,A,False,False,False,MlleNoemieHardy,False,[],[],False,30,False,False
523,3231,CABOURG, 18h45,28 Déc,19000,2850,18,droite,5,14,10,Dance Parme,B,False,False,False,3A.Wiels,False,[],[],False,8.9,False,False
524,3232,CABOURG, 18h45,28 Déc,19000,2850,18,droite,5,14,11,Dofara,F,3,False,Y.Lebourgeois,P.Viel,6630,[],"['D', 'D', 1, 'D']",3,2.6,False,77.33333333333333
525,3233,CABOURG, 18h45,28 Déc,19000,2850,18,droite,5,14,12,Dynamique Yamm,F,3,False,Mlle.AlexianeLep.,B.Rocher,7060,"[2, 'D', 'D']",[6],15,12,2,78.5
526,3234,CABOURG, 18h45,28 Déc,19000,2850,18,droite,5,14,13,Diva De L'aumoy,F,3,False,N.Pacha,V.Raimbault,7570,"[4, 3]","[0, 5]",6.8,5.4,4,78.33333333333333
527,3235,CABOURG, 18h45,28 Déc,19000,2850,18,droite,5,14,14,Demoiselle Poul.,F,3,False,L.m.David,L.m.David,7760,"[9, 5, 5]",['D'],20,25,8,80.16666666666667
528,3236,CABOURG, 18h45,28 Déc,19000,2850,18,droite,5,14,15,Devise Mesloise,B,False,False,False,3A.Lamy,False,[],[],False,20,1,80.5
529,3237,CABOURG, 18h45,28 Déc,19000,2850,18,droite,5,14,16,Dolly Des Vauch.,F,3,False,M.Heurtebise,A.Dreux,8030,[],"[6, 9, 0, 0]",25,32,7,79.5
530,3238,CABOURG, 18h45,28 Déc,19000,2850,18,droite,5,14,False,Daisy,False,False,False,False,False,False,False,False,False,False,False,False
531,3239,CABOURG, 18h45,28 Déc,19000,2850,18,droite,5,14,18,Diana De Gueron,F,3,False,P.Houel,J.l.Giot,8450,[],"[4, 7, 2, 7]",18,12,6,79.5
532,3256,CABOURG, 19h44,28 Déc,32000,2850,18,droite,5,14,1,Alex Des Champs,H,6,False,A.Dabouis,F.Bougon,46090,[4],"['D', 0, 8]",51,61,False,False
533,3257,CABOURG, 19h44,28 Déc,32000,2850,18,droite,5,14,2,Appaloosa Blue,H,6,False,V.Saussaye,Ch.Boisnard,58160,['D'],"[9, 5, 'D']",104,205,9,76.33333333333333
534,3258,CABOURG, 19h44,28 Déc,32000,2850,18,droite,5,14,3,Awa Victoria,F,6,False,Ch.Mottier,V.Maillard,69740,"[1, 0]","['D', 1]",25,17,2,75.0
535,3259,CABOURG, 19h44,28 Déc,32000,2850,18,droite,5,14,4,Veinard Desquat.,A,False,deferre_anterieurs_posterieurs,False,7J.m.Marie,False,[],[],False,88,1,76.33333333333333
536,3260,CABOURG, 19h44,28 Déc,32000,2850,18,droite,5,14,5,Arnold Fouteau,H,6,False,M.Heurtebise,A.Dreux,88440,"[7, 3, 6, 6]",[],54,89,False,False
537,3261,CABOURG, 19h44,28 Déc,32000,2850,18,droite,5,14,6,Agatha De Calen.,A,False,deferre_anterieurs_posterieurs,False,6P.Geray,False,[],[],False,22,8,75.66666666666667
538,3262,CABOURG, 19h44,28 Déc,32000,2850,18,droite,5,14,7,Vivario Du Bell.,H,7,deferre_anterieurs_posterieurs,F.Letonturier,A.a.David,114340,[],"[9, 3, 8, 'D']",36,68,4,75.0
539,3263,CABOURG, 19h44,28 Déc,32000,2850,18,droite,5,14,8,Aude Des Couper.,F,6,deferre_posterieurs,B.Rochard,J.Riallot,124870,"[1, 'D']","[7, 0]",3.9,5.1,False,False
540,3264,CABOURG, 19h44,28 Déc,32000,2850,18,droite,5,14,9,Uccello De Phens,H,8,deferre_anterieurs_posterieurs,Mlle.NoemieHardy,S.Hardy,125490,"[0, 5, 6]",[0],27,37,7,75.66666666666667
541,3265,CABOURG, 19h44,28 Déc,32000,2850,18,droite,5,14,False,Vidocq,False,False,False,False,False,False,False,False,False,False,False,False
542,3266,CABOURG, 19h44,28 Déc,32000,2850,18,droite,5,14,11,Unique Gowan,F,8,deferre_anterieurs_posterieurs,J.y.Ricart,B.Goop,127090,"[4, 2, 2, 9]",[],11,13,6,75.66666666666667
543,3267,CABOURG, 19h44,28 Déc,32000,2850,18,droite,5,14,12,Pantarei Ans,M,7,deferre_posterieurs,Cl.ch.Vaugrante,B.Goop,128870,[],"[9, 5, 7, 'D']",56,58,False,False
544,3268,CABOURG, 19h44,28 Déc,32000,2850,18,droite,5,14,13,Albertains,M,6,deferre_anterieurs_posterieurs,Mlle.L.Balayn,J.m.Guillotte,129820,"[3, 1, 1, 1]",[],5.2,4,False,False
545,3269,CABOURG, 19h44,28 Déc,32000,2850,18,droite,5,14,14,Chatain,H,7,deferre_posterieurs,F.Prioul,V.Lacroix,131563,[2],"[0, 0, 0]",6.9,4.9,False,False
546,3270,CABOURG, 19h44,28 Déc,32000,2850,18,droite,5,14,15,Altonico,H,6,False,False,JulienRaffestin,131880,[2],"['D', 2, 0]",11,11,3,75.0
547,3271,CABOURG, 19h44,28 Déc,32000,2850,18,droite,5,14,16,Varnac,M,7,deferre_anterieurs,Mlle.AudreyLaroc.,Th.Devouassoux,133570,[],"[0, 8, 6, 1]",17,40,5,75.33333333333333
548,3272,CABOURG, 19h44,28 Déc,32000,2850,18,droite,5,14,17,Un Fleuron Du P.,H,8,deferre_anterieurs_posterieurs,H.Guerot,JulienRaffestin,134310,"[0, 8]","[0, 6]",89,91,False,74.66666666666667
549,3273,CABOURG, 19h44,28 Déc,32000,2850,18,droite,5,14,18,Angelina B.r.,F,8,deferre_posterieurs,A.Prat,B.Goop,134719,[3],"[3, 0, 5]",11,8.3,False,False
